Temperature,Vibration,Current,Load,Condition
40.91415123926329,9.928860824768881,7.45765882417579,49.99218157498796,Normal
36.88004768127851,9.124855676351606,7.200946746655476,45.501537480942254,Normal
42.25135358741937,9.50263232099697,8.520811788140128,55.72901977100472,Normal
42.82169414917364,10.760692453280491,8.302225298354006,27.61733733808071,Normal
34.146894434038494,10.003591949439947,6.314250142867607,37.87711913348596,Normal
36.093461479413044,10.408251972242006,9.347213905476487,36.299828928457394,Normal
40.38352120950186,10.804095090642628,7.8869665095790005,24.21053858873119,Normal
39.05127222296925,9.550190244522868,6.666882685741135,48.482617638237556,Normal
39.94959652748713,10.907497796355766,9.42654093722465,37.83682755357313,Normal
37.44086821727926,10.454611124150073,8.750810685915384,45.9170496398925,Normal
42.638193924588485,8.518224295706226,6.482549609662503,58.87817547463689,Normal
42.333375806286845,11.730765749423494,10.132619408309269,37.17405046537913,Normal
40.198092092683645,9.399106307491701,8.79055684203943,36.63077613874276,Normal
43.3817236209041,8.013885588177779,7.987764661249945,40.949313357791965,Normal
41.40252802675614,8.745947548496437,9.908262566746135,47.89797882386728,Normal
37.42212261135028,8.774745807186013,8.191157340595568,35.466295797518804,Normal
41.106252352247495,10.06260798238904,7.9663003098751615,34.952307222942956,Normal
37.123352197513,9.671379393344516,7.207639860773613,48.45751416193093,Normal
42.63535090392182,9.595801638831288,8.698220527168495,43.02911459070428,Normal
39.85022226704124,10.743642358578974,8.571923560788775,23.642173895961434,Normal
39.445412909364215,10.407850433431244,8.017616167867654,30.196865604247137,Normal
37.95721136678817,10.379257444773144,7.0520163753588765,52.00988691061768,Normal
43.66762401602209,10.491794148794432,8.155915824999289,43.2154262646305,Normal
39.53641155379359,10.739361601602686,7.916241457085435,33.902432551702006,Normal
38.71501653351068,7.470455989867069,6.399830817518959,38.63672274212014,Normal
38.94359934853531,9.562674097282647,6.233825178410977,40.10589338241336,Normal
41.59692755666005,7.383747922612631,8.678184054571723,45.88586688224131,Normal
41.09633219309224,10.043271912157355,4.8777340219379735,29.133892841129686,Normal
41.23819783478797,9.994440433330785,8.246492632353512,33.27240689063633,Normal
41.29246300902365,11.254638729747617,7.426300330695411,42.18364603890711,Normal
46.42494280261138,11.425161271265345,9.569895928255892,39.2013233560364,Normal
38.78075495084615,10.24333005790284,7.407838149015349,44.57487346109368,Normal
38.463271812785386,9.39956670712372,8.791381057102274,30.16394082112322,Normal
37.558681815256364,10.582193335054885,7.52370339051465,42.85702941017057,Normal
41.847938267726484,9.366498835210823,8.136497784183373,48.732668955019776,Normal
43.38691687816267,9.998328818267982,8.884203837104062,43.89454837719427,Normal
39.65815762703537,11.183363580352921,7.4449331404105035,41.11289391809274,Normal
37.47953056911241,9.330674384812692,9.195865861398085,39.23293117947223,Normal
37.52655635292628,10.966814367091,6.80756254747222,33.32119077782799,Normal
41.951778363474105,10.812881642430764,8.353511411070055,39.42401126048169,Normal
42.229762513610325,8.854249819443014,9.107167667345424,50.077646823043246,Normal
41.62946280491558,11.16867295386088,8.792044990148401,39.047771947198996,Normal
38.00347087813392,10.838279614445806,10.299733852082493,32.88156808521272,Normal
40.69648396920016,10.122311064847189,7.083872819227207,36.06202328987691,Normal
40.350057427422186,9.085211850366818,6.345020898381694,41.60680237820744,Normal
40.656065790187036,8.968952777709315,6.806797869805857,37.01188802255322,Normal
42.61428633384457,9.354804907716373,8.792531079858124,43.88242626450513,Normal
40.670786646324046,10.651113355950352,8.597507521123255,44.18275008599224,Normal
42.036740689215684,8.853249799118323,8.122707991576899,47.111865443237186,Normal
40.20273720846667,10.525014698343844,6.652451541071445,51.38847577812027,Normal
40.86735819606995,8.50989336534593,8.920240751994873,47.966869794978884,Normal
41.89386467751562,9.75511769867338,6.5303542668193515,32.52608748681632,Normal
35.628532540433,10.131577305488811,9.39073949885228,32.77172442738982,Normal
39.040986350928094,12.9341561740707,11.428926107767838,39.39382818832141,Normal
38.588882037121614,8.347221213375558,8.43974137588586,36.39059714208469,Normal
38.083366455269974,11.76641747978816,8.69972976278929,30.893386184312458,Normal
39.17457324631995,10.179810896784737,7.408568277325329,36.466465646616044,Normal
44.48482393370319,10.493406301619157,5.827744014695821,36.20389653104769,Normal
37.40250665292027,10.142017496065845,7.276736764363733,34.625218081910354,Normal
42.90483506377444,10.53367218183428,6.688525710681501,37.473684110759955,Normal
34.95139068515259,9.815577874765578,6.263594508301981,49.42760680254665,Normal
38.995344910042675,11.74486021774895,10.066831930394779,41.59390432999391,Normal
40.48825919531502,9.452234626930332,8.327435021630928,59.77447260844376,Normal
41.758666994077835,11.358681486615097,8.45562509673678,41.364065488157195,Normal
42.133679739378564,9.226759455744373,7.6291731617645,37.67947380850199,Normal
42.38004170559977,9.927697784318456,7.792554701067877,40.03306306123893,Normal
38.95382478325469,8.713644937251736,9.1574608186872,42.05193582754832,Normal
38.612944622006296,10.546028464417024,7.961195457565742,43.48203165736851,Normal
42.57392764377146,11.73415114831184,8.636832725629679,56.61369060687219,Normal
39.42608702535516,9.907172584214974,7.764794842585981,33.23743628017945,Normal
36.172941029986234,9.763737161555309,7.589416531121543,46.872368465421886,Normal
36.60013835798956,8.662459644318488,6.311703001277766,41.662004780912994,Normal
37.24164314199517,9.72484881573723,5.626701125159446,27.43121805943506,Normal
41.49148223216129,8.088646888334168,7.686125718720318,46.16559025675811,Normal
40.4272772082117,8.904546415937407,8.067796030391879,50.14098848643124,Normal
42.0714560622033,10.272143255330963,6.456643955949451,33.14258876978056,Normal
38.7182420609904,11.582815837289676,7.958630161958441,39.928529056864235,Normal
40.47561907323014,13.371053033475404,8.064503075588602,26.19716590393837,Normal
41.87677118190201,9.296097897914919,5.412790392728745,29.929548322525307,Normal
39.071960380839286,11.722360187974529,6.901850408624599,48.38423662093802,Normal
41.37032571267223,10.292502976481977,8.488716672482562,36.26866795194052,Normal
38.01422217680005,9.81850282390435,8.464470475274892,31.129576200495684,Normal
38.91083846030479,10.519113342071382,6.615590100320287,41.83568291566744,Normal
38.85478631800501,10.07429978041595,8.190137660599682,35.82070054855181,Normal
36.41248106323288,10.132474870734661,9.226888670432567,36.23342673779571,Normal
41.460917442356745,9.510000204607998,8.932487550789078,45.914608205399226,Normal
38.591792979391826,8.32226840824138,7.885657055583279,30.706133128525227,Normal
40.03748235618306,8.147649756973502,7.43842842401085,32.757078298545345,Normal
41.44223997671773,10.783893859937473,7.244786618798595,41.232639937190946,Normal
41.339593528089836,9.667959891897144,8.561383739491589,47.75527832598564,Normal
41.996155326918355,9.2846933204126,8.234124767771466,49.9052824119188,Normal
39.704543546471726,10.010206752067784,8.75528480732264,34.67950623710701,Normal
38.73010506386754,10.953918703498752,8.158248575745382,47.49901573535718,Normal
39.7608453672808,10.216436731631678,8.98251674041693,33.72686165223673,Normal
34.937996698125914,9.21273407603084,8.11351103954924,54.6096747752544,Normal
35.65866258273074,11.47155154677874,8.941626459358023,30.929831796642173,Normal
36.03190116293679,11.895022603577958,9.044987324439967,50.62783048633385,Normal
37.008259517195555,10.593467986387424,7.034568043730224,34.74811114545021,Normal
41.19932268017031,11.168396213612908,5.8302271437551045,56.105971638356806,Normal
37.28356283391982,11.490351996176573,9.852191427217464,44.73056583081988,Normal
38.86551233788183,11.356119179685416,8.307990476854714,31.871867764734226,Normal
43.897684893358196,10.736919012535148,5.942616925404654,35.822092163659946,Normal
38.93120808681572,10.71801645648986,7.143416603337546,46.24944964178994,Normal
42.21254670540126,10.623592688015803,8.926249150843795,48.42115534092449,Normal
37.19914695997037,8.683194790543547,7.664387802640529,39.4342752662043,Normal
39.38368732639711,10.840867788231503,7.385526296817048,40.357266247707734,Normal
37.14993383526826,8.373023234648135,9.68105823237556,46.066824261152526,Normal
38.982900772298315,9.046480653849935,6.743255424339427,41.05438741608656,Normal
42.52092441237219,11.564278081369705,7.042215970694199,29.651961125292992,Normal
34.818038730422955,11.008264195233037,8.253663770057921,33.49620780287856,Normal
41.303270930637574,11.784877947623036,8.468545918464658,41.88095954521332,Normal
40.71320680699684,9.673990739575249,8.595611641208878,49.72385933198155,Normal
38.217550132909615,8.61730139046788,9.093485653482736,52.92785939329638,Normal
35.66182643683464,9.71147536351559,8.23829434481782,46.2362353661716,Normal
40.21638852314161,10.12243755668869,8.587260726726091,42.29832608829091,Normal
38.41152187280859,10.094786459608011,7.6889488888219,45.990511087859815,Normal
40.69802863406411,11.360416574508042,8.075237963884057,34.665993198345156,Normal
40.065556436570326,9.566475489995865,8.129041016064361,38.77415231793429,Normal
44.80533667396275,10.42244136616351,8.258117762982844,33.40695422928419,Normal
39.28193311758093,8.813647420678473,8.927047769099312,30.010059114338308,Normal
36.92950752213441,10.540380733652576,8.666174818333797,42.668392093089636,Normal
40.53782690486895,10.003730260222763,8.05306040348022,41.48410645267795,Normal
40.659990051915294,9.10022399405858,7.029048818070752,45.5012198760721,Normal
44.07756272572131,9.717004765390177,8.081205509675252,44.36889464713958,Normal
42.50533373774373,9.778989104181735,7.966378658125107,41.9411541705909,Normal
41.07061317744853,9.675813844795485,8.231817895775839,44.45293332542043,Normal
44.38990867365869,12.12560949072122,10.647830368568481,39.658535230180185,Normal
36.43371083703145,9.881864797230545,7.371472665750518,43.303131161779206,Normal
38.080745401750754,9.707324667787194,8.506746822950431,34.190844778509124,Normal
37.22027217578343,7.48305885086783,9.282154480693158,42.95764740511304,Normal
38.830570590532695,8.926951177624627,8.117602296919259,45.34734148228807,Normal
35.869941557331074,9.684311890652376,10.805414143006598,34.642548575422374,Normal
41.90545284044321,9.176976788588028,7.546352849922228,40.414656791942775,Normal
39.33333190870368,11.658049112053357,8.388907066784057,35.01117992296513,Normal
35.587581116492025,9.802074669524538,7.041433106128421,35.78794642787108,Normal
36.95326275637738,11.546133099181903,7.578170317828048,31.000565159182763,Normal
40.94054154235059,10.074045560860442,8.298720692475989,50.12619940133244,Normal
42.51437970368314,10.044673403705891,9.015564874769275,48.52548139776038,Normal
45.99019267507536,9.893444262745,8.38291380082829,44.299470833818695,Normal
48.74158739802199,10.00455550194575,9.510937819201683,55.77756761555051,Normal
41.24322829982799,12.06255400365983,7.886041627288794,38.486034427452864,Normal
37.03138563990441,7.216467127898538,7.601397764193194,64.25409932088508,Normal
33.60386115780607,7.598145106673586,11.244782128735263,38.179764677094234,Normal
40.803134387031506,9.348195002732663,8.473085179330436,42.04154681404813,Normal
37.56117671406902,10.017433458325083,7.1366221448257425,36.81777668847833,Normal
38.753928219460946,10.828125309716814,7.166883485302318,42.97860448048244,Normal
38.163709602820575,10.56770463763297,6.868784102562391,46.68491942308996,Normal
39.577627340750844,9.538904904543315,9.123883227028145,39.08866885557533,Normal
43.197940692362934,11.222852431890114,7.56274724852811,54.21375877694096,Normal
40.47114570233603,11.236234483783278,8.152834970787783,41.91319427706769,Normal
39.52409548888394,10.22086939752588,7.923789590674078,42.16388308888159,Normal
36.89303874152257,11.15518908698421,8.877790889529122,32.728018443890264,Normal
34.975951165886926,10.327174316118555,6.983907088539176,43.347992596403074,Normal
38.54107627278001,9.32622036786054,6.7093132566283815,38.92778223352507,Normal
39.838652347545036,10.837380206800006,8.269156768617913,35.134082165301706,Normal
45.303789740739646,10.132735747094413,8.721151141639876,33.78820473481309,Normal
40.39082356441866,10.001607816105384,8.39903877571717,61.37410703805348,Normal
42.94821853306917,11.767544286627489,7.028655525083207,37.892181998567715,Normal
38.502113204382546,7.0589534457518965,8.812981810509672,28.344116633749856,Normal
36.44516870074892,8.298778995808517,7.107366887485239,34.41422832213942,Normal
37.104649713302884,8.575515488350756,7.37415362625634,39.58745728419029,Normal
37.82432180639274,9.564087222917433,6.867255770333598,44.37333626093188,Normal
46.38540919730549,9.694470196280763,9.561390018382436,44.438372173802506,Normal
37.53583996232684,8.191209222672343,8.760105849232819,45.412916414212205,Normal
42.51546761120903,8.817810361227009,8.725992050814648,34.841117546901366,Normal
37.29121846573892,8.966989985771717,9.49665370537094,42.723523548012366,Normal
42.79471903862273,12.94890891049107,11.375179097886468,32.991524287115375,Normal
41.15485289831759,12.162090337296576,5.948928675307814,35.04285613588791,Normal
39.53008630702573,9.50590069877842,7.11394810294747,32.658328203997925,Normal
39.8777124215937,9.563700051631841,7.260589898990571,30.492889163213846,Normal
38.035636913711826,8.620955203374047,6.979016453140769,48.513675910864066,Normal
41.338216604446245,7.71024350412968,6.706900102875545,45.5088936078311,Normal
38.63504955897766,9.859743776309772,7.640416323133561,47.81332295982504,Normal
36.323182708698255,8.802577620107169,6.540075541652714,40.31450452819437,Normal
36.16618727704114,9.898179362005589,8.402050841044895,46.214461590921175,Normal
40.517763753166356,8.079752981147827,8.062037985714337,25.90968476285964,Normal
44.73727376923131,9.08563065002769,8.577234397716387,46.90470014436284,Normal
40.47997484072032,10.178352514363397,8.609274141965903,41.41695864004024,Normal
39.64408502167035,10.439451517340725,8.723608224112011,45.01687680119333,Normal
40.85747841880763,10.500966350490417,7.551909275811341,43.040186392388904,Normal
43.918005225120474,8.415413219011555,10.545372083160402,32.10355876370491,Normal
40.658147504091566,11.025622876162673,8.281317339778518,28.015681796871625,Normal
38.76721830749879,9.03974596407778,5.765018296850246,34.30356667053629,Normal
43.318866130179664,10.759429497528767,6.797149105080539,44.519338250183296,Normal
41.28626931538484,9.987233588058169,5.911396413166621,45.52073132140316,Normal
44.60726797598797,8.348335001106463,8.020801554981569,29.0564617809451,Normal
40.549703311665716,9.620562754502574,7.853833731136,32.151205060254284,Normal
36.3265929048385,10.438436490476521,7.4378891625206505,34.21411451247329,Normal
35.895522402263005,10.73555845656952,10.413111334880616,37.141559517865474,Normal
44.95278379669375,9.830814523066698,8.658779448892293,29.10359335317878,Normal
45.17099716234989,11.838134668721263,8.871318033735601,28.62358587087894,Normal
39.4614423601522,11.20901292518387,6.882711814469476,33.42531762873957,Normal
38.85043803659204,9.692015060320296,6.801026130402786,40.69003068980005,Normal
44.3843328767266,10.900146174564334,8.044166598916346,30.555245281972077,Normal
36.67886295386953,12.320552182225825,8.207608567582671,39.073571920225874,Normal
37.31581894313252,12.352581520939632,5.772426119462652,48.46842252913452,Normal
41.929980384067136,8.526400143013003,7.783631572580559,29.58576210069192,Normal
38.81618463142123,8.888160266611418,8.016886499448205,38.348433932715686,Normal
39.984634399839784,11.781902544080621,7.741821001074645,48.19805387000618,Normal
39.50967130442646,8.730062738994835,7.023931505183988,36.65385287708953,Normal
41.0127236463968,8.412950640049985,7.352557781694632,35.41064247313265,Normal
44.22244558394115,9.416567043161145,7.787768967712645,49.30796651445179,Normal
40.27175472070524,10.504272051369503,8.108960028332058,37.550383368227614,Normal
41.93181637983057,9.877123952066684,8.725749899060682,48.83596020164454,Normal
33.84948369690693,9.21932365551329,9.297027445941046,43.43172312901759,Normal
39.85384479420965,9.19094504593059,7.6467827317673,37.257242776721306,Normal
37.47030918912139,9.14519552270475,7.452612564661571,43.83752424478024,Normal
36.34356081872912,8.94458844560927,8.525186808241168,42.5635961107683,Normal
37.36554289921375,12.737959452731275,8.733013899693026,48.167062568019794,Normal
38.997629677897564,10.357013285422665,7.478959480089337,35.61323569707985,Normal
42.74770762706804,11.064110865285686,8.948472172359407,40.32964853425296,Normal
36.02082184678131,9.41310703825729,9.175502409387168,39.5078745631629,Normal
40.09189447778325,9.776851987376741,9.550023758790408,45.633185133118275,Normal
38.54749169999926,9.143735222355573,10.133985088063787,31.798566444446593,Normal
39.01698071691412,6.8179499980969585,6.960300633608673,48.13581638590285,Normal
43.00827347591381,8.346388867782562,8.016677851199013,43.73063017736333,Normal
41.61434631101178,7.827257584023526,8.013533235942392,29.46459941093643,Normal
44.01219432232823,7.300259466458071,7.882311717760991,49.666102603844,Normal
39.5364829622503,8.565569230842277,7.2208844964678365,57.87274464638185,Normal
37.91217216498789,11.589946815257957,6.2173255961227145,48.01467175639526,Normal
39.328423549358504,9.946676598754774,8.111215335234805,51.41587813781175,Normal
40.727490373813666,11.54867651478541,7.077973208542505,40.682971052820704,Normal
40.52972007536113,10.49317909228105,8.10319217689715,26.70796064209192,Normal
36.7468357832999,10.939070590858192,7.0471477499613755,25.2470363906598,Normal
40.27146934488362,8.91892360563451,6.68040998498679,42.040656350942065,Normal
40.68468499041671,10.628741145031205,8.281158032452277,35.26416953816016,Normal
47.55242211260176,10.874457080889215,8.181105832167795,32.68338977338119,Normal
45.63053383384501,9.308023249319568,8.69513836558512,39.4980265282506,Normal
37.44026994832354,10.671448444739399,10.62303651970115,44.924682302890304,Normal
39.13784991535247,10.6794253102898,8.332747437453015,28.377939625902822,Normal
35.60967399448899,9.3405368546439,8.582098120476955,36.40897903775692,Normal
38.22787895810954,8.652677881274807,6.7069264053592095,52.07896546496252,Normal
40.94681501077102,8.579046001722073,6.455711071356351,31.397692958229,Normal
43.6175608626647,10.103806650305755,9.899395336128,46.95808949731965,Normal
37.81274848676917,10.392411842547178,6.891824264080036,36.12215390760805,Normal
38.03756067979661,9.048969003450503,6.74726711423763,44.36635007879962,Normal
33.55813291078404,10.031902409591318,7.953081294540136,48.77862005762294,Normal
39.51200223836528,10.684644443366182,7.891769103947134,45.930254135880176,Normal
36.81275676442131,10.74182885759836,6.91699219226805,47.273276817711015,Normal
38.41168171790178,11.862256144146986,7.63403213754428,30.78725173273635,Normal
37.36941766549724,11.532376998637652,9.475250861180125,48.90927765393039,Normal
39.71721233724233,8.798450280692148,7.032807669401842,33.17845508292144,Normal
34.726814825930106,12.020303451445628,6.327593018760594,42.076334124572305,Normal
35.598864263827025,9.362828194533142,9.131112345079751,42.06596949597782,Normal
46.38774133608489,11.253847374945313,8.590756294325644,43.88098047095665,Normal
36.137732256177905,10.081583951261306,7.255377655221606,42.695653408481526,Normal
36.70964326463608,9.505420745851639,6.101399580647699,33.24952017180222,Normal
45.51074058496394,7.830763768270081,7.1064519722737245,29.20106070163427,Normal
48.71520150772122,9.794122587740382,7.934354675780875,46.97878943969415,Normal
36.48530011352398,8.128740117633269,9.398806507860582,41.48667662015132,Normal
38.89525312963591,11.160759083011326,6.756101630156412,49.19501472766254,Normal
41.02466665282153,11.820151188567097,7.898576142186232,39.642136526497055,Normal
45.18609293321678,9.043706812843972,8.810173591873877,28.758685114584317,Normal
37.03942876471529,10.362364891023125,5.142479191853695,47.72903744803285,Normal
39.26416646217367,9.12953017359043,9.24054340152668,37.037035122711146,Normal
42.332012728185234,9.245818323835852,6.5810593133522755,42.73602765936817,Normal
41.304298223399854,10.929393644638445,8.398394592148321,34.82032457216385,Normal
38.8715317863097,9.953754085787905,8.296019779532893,53.15441368186953,Normal
39.59853110645188,12.087577650317215,9.301503669756613,32.98748140653443,Normal
35.87531257489005,9.421321025556495,8.661109257072248,37.3005619671506,Normal
39.285478768076004,11.199203598969387,5.1472514099240225,40.85958962157853,Normal
39.200837529973136,10.116896095549338,7.058264903412811,31.262541383304335,Normal
40.69650966887877,10.954933611693079,8.165846155223935,42.64415622870076,Normal
38.33401834354295,9.463410811204064,7.766024136656256,52.89528381973992,Normal
41.414615567635416,9.940529394938102,8.573132875708124,36.076302714450314,Normal
43.03814745345949,9.861401344841278,8.947239866803645,43.16114255225381,Normal
40.4662879830054,8.996731462185055,8.730142083715615,18.004516911691557,Normal
41.05526922519761,10.794497841498103,7.742870068934642,39.688566396121274,Normal
40.159466042733605,10.780298806694036,5.784395586655424,37.495661712590355,Normal
40.000253179274246,10.71226563388668,7.453422501374219,33.45201918071692,Normal
37.835325899371455,11.844358784701173,8.499641777766746,48.651603757028255,Normal
40.949482785019924,11.739213761483564,6.6914632969394265,37.39005054700937,Normal
39.70814020475953,9.550066372181037,8.757529676145891,38.5801801032513,Normal
46.27950492679179,10.447662782121014,9.090071956720765,36.98245700168743,Normal
44.72006470742573,9.251679172890144,8.152240371555012,24.665473025879386,Normal
41.1575396576695,10.028026379337467,4.323464160425125,30.94410847938431,Normal
37.7108283709157,9.280300661057362,6.4662939647458355,47.68874788896173,Normal
36.662765584049744,11.94408437096326,10.263426990267298,23.120394824960226,Normal
43.5734288592666,10.436437780411556,7.344154648365946,33.869477203074354,Normal
40.78824767544142,9.738365046274694,5.619028132245205,36.802239549681886,Normal
41.44043021017483,11.432342286227652,9.482296865972327,53.948974938332526,Normal
34.766242039077426,7.395261508245506,8.016026709852408,46.14883012397095,Normal
42.782315444674545,7.583076886161653,9.32592858674927,35.54263578357521,Normal
41.363261014643086,10.95500638626373,8.332350410263238,50.43610957692441,Normal
36.66870794675657,10.072562137740842,8.550270963454603,34.07587343599104,Normal
38.585425577650156,10.300535560312913,8.43561109725742,48.072798429872044,Normal
40.79115161306956,8.408324676017742,8.8369859743052,29.128982032615873,Normal
40.157400395068734,9.972119546979561,10.732916538267318,48.58606265431326,Normal
39.12348644258933,12.40421129248161,9.165207603151025,36.750930836232115,Normal
39.689535195802115,10.989039543755036,6.1035928185853585,31.771966072469844,Normal
39.24406786537934,10.203647854171374,8.535993818334685,38.262851095389486,Normal
40.457687536307404,9.473135307874076,9.369776921723862,42.21875343776172,Normal
44.41447591897947,9.526512577756728,9.443240967843375,36.0420125557943,Normal
32.30002467720611,7.444962532959979,7.488074020329081,44.43162804796259,Normal
39.28944920647095,10.309168505105392,9.397933334225753,35.33604893068746,Normal
40.529537264117344,11.014579730178225,9.113290879461447,44.96297915145087,Normal
40.8879819690613,8.109256807395262,11.087020924363676,43.53777649629279,Normal
38.88425625603613,9.206299729231821,7.099997916501787,39.51261556233652,Normal
34.72983465256425,8.611042441319894,7.39111930831949,36.4689415010724,Normal
40.98398645114233,8.841578566229483,7.632657141848055,41.21232636612213,Normal
45.182050642492555,10.06417795218628,7.411733419953469,44.40202994426959,Normal
35.398415785251586,7.49871741401383,6.931975100283676,56.49439322185287,Normal
42.59148404109457,10.737124526028477,4.684789393191508,47.515363374385444,Normal
39.01442433063132,10.90462608392042,7.478360631532239,47.80791959852673,Normal
39.816026962513455,9.698676894355705,8.443229671639886,64.70809755888227,Normal
36.84130446788815,7.02314978801855,7.4081337853929075,44.127667814142754,Normal
38.99663148293237,8.804297648797132,10.322457420234931,43.87714809049362,Normal
43.90013378409687,11.479482320923236,8.016050975259034,45.63212059457323,Normal
41.74796572596312,6.666406863125713,9.549234866220962,31.928272179293977,Normal
45.196934816229835,9.582971905367778,8.313704495275962,36.44878690864995,Normal
43.53223566693308,8.58399906583929,8.99168877187191,35.95064586646133,Normal
41.31726003678873,10.965484361901805,8.335089864720274,45.180911817756495,Normal
45.231803578503374,9.189863257427847,9.642541558284275,38.60660350223041,Normal
41.3169794762149,10.484744824882734,8.06712722015888,41.10578740379442,Normal
42.48396453039118,10.678552503002912,8.595344849706542,48.699636961187714,Normal
39.11028713939587,12.203471007676024,8.439599520380053,46.90520590963311,Normal
40.199637447577615,9.756469667589556,7.654057450247217,38.70623197567002,Normal
37.90772853009917,10.451253243547134,8.485978782709612,34.64003922497422,Normal
42.968751803784556,8.217933425047077,10.681263495437218,49.08219785322551,Normal
36.4650891306554,11.428496275952494,7.67552366948547,46.191129447278925,Normal
42.34705102725298,9.087389382314363,8.503357871423898,27.149945453636942,Normal
39.42804682748452,9.327095003094705,9.50933474104333,37.494768488733754,Normal
43.51374128040196,9.973302646180947,9.368303937133136,41.3241236961341,Normal
42.25260696619378,8.124538785592181,8.014059701263239,46.23063773696825,Normal
45.4619384729404,10.274524034714725,5.139933556451166,47.28081195951817,Normal
42.19232407341593,11.160959527510013,8.62004338237816,42.27124800940379,Normal
35.28387923304028,10.35152058819675,5.336630889652337,44.68198025087085,Normal
39.7991404813054,8.09332292298553,9.763924677129477,40.51309441902523,Normal
36.48397842221555,9.851428846804408,8.203368645431913,34.609186494555516,Normal
38.44516047290118,10.89043468357539,9.199608823846386,37.909884871669966,Normal
44.53368529983017,7.746413480840911,6.917466634182738,40.15192949312087,Normal
41.91260143269309,8.710280783418742,6.136991032039935,39.722565999851284,Normal
37.90320871426376,11.051852324897824,8.312905260969401,24.915416764452235,Normal
36.958847900678805,10.324114521036744,7.95967587205263,36.82013332056455,Normal
40.09834627862878,10.494365898552104,7.410151008611401,40.449645224713215,Normal
36.350319551856614,12.231393769147974,8.101593536879317,37.74904006475439,Normal
37.986579167810255,10.562263334207444,11.320923070438711,38.025409635907316,Normal
40.936028414653734,10.789465612519816,9.001430656842869,43.9039309664367,Normal
43.465936108320086,13.252894632661992,9.259398327035983,31.36834250361093,Normal
41.82628441667332,9.743434530291411,9.012724269864027,26.97566228839031,Normal
33.1261314742057,9.042540683657807,9.775354572622632,37.2146416733066,Normal
40.91310018709078,10.51335567789656,7.7719139925191065,46.11291524401432,Normal
40.216100719697735,10.526789235266675,5.534286430789647,53.500424315893106,Normal
41.24167085611808,9.36794152966455,7.773696640392788,46.25702591275792,Normal
44.848629044953626,8.761123576534183,8.974082851995803,28.253889921049222,Normal
33.81028516958577,12.771813306508093,6.836239525861911,38.14106208498583,Normal
38.226689724426684,10.392212164465628,7.788360859412804,42.05307504865223,Normal
41.77271896838006,9.12125754231751,7.169876308397225,41.42072893538874,Normal
35.25521680163817,11.099116362735518,9.802435102211756,44.31443642354299,Normal
44.42784714416052,9.8690258181264,8.899348418487877,32.663608428313914,Normal
41.105069838101976,9.696542264418602,8.78184874477275,40.51954470040594,Normal
42.539751957530214,10.674727446297393,8.745921575745166,43.362582638209034,Normal
38.287169015434614,8.449741278121973,7.955300896937447,46.60536762642928,Normal
42.44129106989863,10.423152644700608,8.237067539033005,33.554254667097666,Normal
43.20541466796711,12.295545769278103,6.577778503361219,37.238745062056815,Normal
40.69863406041151,10.559413194636774,5.376269625499319,18.369458559413278,Normal
40.70320267809609,9.548545475459843,8.180097356414029,35.028304259377805,Normal
40.81102971784518,9.39147366348611,8.388788307526573,35.804680856231656,Normal
37.409964205781854,9.507592031985869,9.451117482110453,31.843323934660454,Normal
39.55741395927894,9.695244786342663,9.885602979298842,41.32489720186121,Normal
39.54243240264292,9.546632160690073,9.883998181998736,39.55243654363785,Normal
41.15018159306049,11.09957372928948,6.802371688047346,21.92628897937911,Normal
42.99947274073088,7.920149076149221,7.577281958060277,41.724063754414054,Normal
36.82439175406477,11.03440006049456,8.576401155057656,32.57340695368778,Normal
39.62497290904127,9.544376169828926,11.038285613290613,43.88551167352412,Normal
44.44436664297692,10.452337342834447,9.7761190444567,29.745190018170675,Normal
37.769235313562305,8.647614507758963,9.343276594398056,40.24005230824752,Normal
37.53324994812904,11.594357280219324,7.534654453340852,37.734693368907955,Normal
40.60691857549358,11.494761952206247,6.94016044261385,42.424815079602645,Normal
42.533155571455964,11.15150863090009,8.946689460059888,40.99757822121077,Normal
40.03427816668198,8.182294269047754,6.679206482918768,37.95868659982836,Normal
43.98688177131097,10.994945285279263,7.713876378823636,27.709821487646042,Normal
42.57038194769958,10.48582610516285,7.8622664611976925,28.182336292311746,Normal
42.52546020067019,8.07367450344092,9.911494506947369,35.32890448726225,Normal
41.66234950397228,9.970843139475022,7.574363236448387,39.9337609285633,Normal
46.98295930103826,10.437441386839915,5.072900433712862,35.134016422407065,Normal
39.38451493340187,10.66729032858778,8.605333577194962,45.00169544463572,Normal
33.98943312380046,10.212713640338627,7.161173776275288,37.766232646306534,Normal
44.81276308455142,10.349477700216855,8.051157229325296,32.27989820176392,Normal
38.62690170712952,11.768333670703715,7.895954358989451,37.77522965609673,Normal
40.3236413330291,11.471240691892817,7.671555205018678,41.80687869053242,Normal
43.92865205458158,6.559534055460707,8.948408698141645,42.59907775059668,Normal
35.193221376823224,9.619073734194782,6.160562145976751,55.02703305594503,Normal
36.24505835768158,9.802418766947259,7.3795829300547675,34.648725279972645,Normal
35.19616618864344,7.897481712727634,8.820845495740858,39.4121707072768,Normal
37.61759112992373,10.113019669878774,7.2630982695867585,43.40899157455541,Normal
41.31890981805098,11.498509326892608,6.0694319488760335,39.812616326393474,Normal
41.572563528438316,8.696118568491292,8.802266411908082,35.99505483209077,Normal
40.82882253798566,10.403681126427847,9.347713556529847,27.60594258924605,Normal
35.7617023483229,8.901011827244275,7.946005750828393,35.913323527575876,Normal
33.06968969010207,9.193705571584388,5.646985281836561,31.41038069825759,Normal
40.16306075617115,11.772872361004042,8.84716369603858,26.187146551009775,Normal
38.584671899084995,9.348930615865811,6.008134542296375,33.63456926663531,Normal
41.378157315149835,10.55465498681275,8.3705591322178,31.623266233868364,Normal
42.10586087866381,7.754538260726815,6.935043410309408,44.67029236234359,Normal
40.41472429617605,12.234781073673856,6.608192857079642,44.80873469931435,Normal
42.28039925612756,10.723182935567799,7.4697079795043715,32.768965683353,Normal
40.68763412234521,9.781000188819686,7.780042932287288,37.91817095549503,Normal
41.5901941168044,10.690655811999873,7.226950099536262,25.13405870309972,Normal
37.885980211390354,8.308216685262627,8.70644393385818,36.045280398538445,Normal
39.46116575850562,11.419036890103188,7.464716745849399,43.191855205618765,Normal
40.59032828997087,9.611218269404283,9.176229046006187,46.59950311691282,Normal
42.461585426252256,9.755116581941879,8.337407798772176,34.29562334646949,Normal
38.81877648332628,9.410013262041419,7.16293135208443,48.41483888422016,Normal
41.563501767196335,9.303218316705298,6.960872139401257,27.874464627892227,Normal
39.202483624253865,10.83360473395409,6.023004441143073,30.01897760684966,Normal
39.64737349801561,10.307088220125067,8.348879813440186,45.67729492510301,Normal
42.488557126072216,10.782097769683649,7.574494943298371,53.36896982850598,Normal
34.02081888683753,9.989446372617314,5.153365366323783,43.94745590546956,Normal
36.11058301577572,10.615839773292617,7.35714215267672,39.6772609077279,Normal
35.55344380767154,9.497381507289955,6.918759164894057,22.43853002782233,Normal
32.99915164045508,12.675678209691458,9.890813110604793,23.820423551652166,Normal
37.96520667953447,8.118483500283402,5.956665665728028,41.03527629516695,Normal
42.24830169918322,11.513124788275581,6.270379040319136,37.1354986434306,Normal
39.14534780085228,11.641488940865164,9.33196357172684,31.153318542783055,Normal
40.593370245825554,8.977409432841288,9.628115788956755,40.52426064664041,Normal
43.26765249013238,12.675128332667168,7.10602047352923,40.92105094006248,Normal
43.983058396803074,11.194588339534382,7.241497012629307,47.55532694832218,Normal
39.792586195821585,11.165366808187494,8.739482475863975,41.09281826410161,Normal
44.06075766870819,10.033626624431053,5.2074802436656284,49.82715494667508,Normal
40.276379975302326,9.739328610137589,5.766567578593333,40.063952236390506,Normal
37.48780532851762,9.74870940755247,7.663119918979146,39.07732004154131,Normal
38.216798943403795,10.46863671558342,9.859868679354951,48.51449748997746,Normal
35.55839046230495,11.681423530040675,7.477123894199913,32.172472959668525,Normal
37.335598438799046,10.217577061433703,8.121124150082185,62.515579626129295,Normal
38.925949935776714,8.906267652235252,9.360547127076813,43.00205982533389,Normal
42.410755058135805,10.989312474861975,10.528261679933776,43.04663402270138,Normal
45.16230949349795,11.10538089567375,7.307781832222025,44.20076779178078,Normal
35.85345545386888,10.785591434137343,7.979795931519889,55.01709180265314,Normal
41.17848240477976,10.89459868782998,10.186466265611411,46.340059293380854,Normal
36.878368182527396,9.674886243810631,6.173360869770286,27.159552167968613,Normal
41.424091265389606,8.885212999443304,9.233097284664586,51.227763078140036,Normal
39.60674004793682,8.958167883231065,6.77802136116649,37.27282736443986,Normal
34.50728252245741,8.037444101850571,8.122966840523787,40.85724058271459,Normal
42.784890974705455,10.284338333855139,7.708857143119671,29.76596822259787,Normal
38.184997861573805,9.899861460128088,6.850386079158525,44.209616144991166,Normal
38.398299284879336,9.47201475456435,6.82027768681007,34.789005679459585,Normal
36.79074276613093,6.453257410785916,8.331697237104505,40.80135710394779,Normal
38.037150169937334,8.503219036366998,9.194647193795218,37.727207957113734,Normal
41.28367132208475,11.3450087816838,7.844316556173796,55.40010241388681,Normal
39.432266977190785,9.202448799924243,8.08413579047986,55.858082401164715,Normal
40.98598600684744,10.43271001318821,8.685408879549257,40.37210536171793,Normal
41.08576556178653,8.331177484029693,6.8340574723844485,40.51182169095084,Normal
43.9619849665845,11.726446578831077,8.887631010095507,37.01245626920388,Normal
38.97164154740686,9.827166807934388,8.983211716471697,48.84805033202229,Normal
35.569426549462804,10.348048475780242,11.124351558500493,37.368641037332985,Normal
43.201667249715946,12.790935750258022,7.548674971328501,36.629301802834405,Normal
39.005535483708236,11.819728120707284,7.450301837998246,47.828742909319715,Normal
43.343777333732135,9.63212125445553,8.922759045888494,35.69360723746681,Normal
41.150131339547414,9.288135778155569,8.982925002694566,39.69795972441175,Normal
39.60658740938997,9.609345986176562,7.3578954159479455,27.349513747912056,Normal
41.04632768213889,10.611877898171842,7.516204787683941,45.633522760985336,Normal
45.8530376803789,9.873731038898955,8.64935700586165,55.52693551345495,Normal
46.23094158716126,9.525707025995834,7.006898911118406,45.76980298239833,Normal
40.20814340539834,11.76061750085085,7.5073592143819825,51.69439334037844,Normal
40.48057177995123,9.862948129866595,8.107511320842121,33.23118291058135,Normal
43.228720472399154,12.759506911644783,9.19512642178671,41.890594256225604,Normal
37.463016901697955,10.108891076502607,7.274481660584551,32.45472060504488,Normal
40.99921111785476,12.142382073069673,5.7891386455631935,38.17787563534926,Normal
39.922411456138434,10.428783307252752,5.700083038978147,46.17769181882004,Normal
40.94172463437266,11.155552687899338,6.48870431995264,40.81456490482639,Normal
37.499893582151785,9.13046673817873,6.424198738160076,28.698871819190227,Normal
35.23129752007309,8.975488932895106,7.814467089656109,29.47976715569797,Normal
33.78104969202612,10.551647146017984,6.573343815682874,28.95068854807381,Normal
36.64784766103118,11.186263890958378,7.156694048214555,43.93162071951672,Normal
38.623974145182004,10.048307802400556,7.07109693802154,56.51115628525335,Normal
39.12042524005371,8.456327997899564,7.471390566982408,50.899665952001705,Normal
45.81169348728855,8.367689960452807,9.587005197827747,24.832118406831484,Normal
43.317980109721894,8.28743631737651,8.79433710731662,51.36860750455827,Normal
37.11372665097512,7.878853464472742,8.019355298331204,47.49120333611718,Normal
41.04312535735287,10.131382431336505,7.446768463302995,27.63760043576994,Normal
38.778765290949025,11.350052706049631,7.480120812052375,37.57438706631602,Normal
39.14690848587971,9.983901055690229,8.393295763942339,48.76417929196648,Normal
40.55597694824615,7.287502291194578,8.701002888022748,44.40346808747828,Normal
41.85751335092618,9.771087447598541,6.910858992679279,29.527239580896115,Normal
38.98222454834795,9.804641204040871,8.043776906737078,44.88593724636955,Normal
43.191554598203076,12.515198500270527,5.562056517604368,22.899995231355298,Normal
36.574185321572784,8.251434504496533,8.254056541004717,38.21742259394231,Normal
40.0190171870868,9.531186876880966,8.914579090350424,49.10365415520039,Normal
47.793021179787495,12.047023216653477,7.66391764774295,40.14715372457056,Normal
40.66923922787583,10.539974009615857,10.179832395368127,36.00849960030443,Normal
44.29964351981852,10.67597568821971,6.94251386307674,47.114770030178796,Normal
40.27456053451962,10.137501324428653,8.260928498363914,47.798014520692654,Normal
41.74233128598939,10.395932246388718,7.957010304000853,50.4803175429356,Normal
39.82965041682193,10.933131436334243,7.87964279906791,46.9947394275711,Normal
39.48877725650739,9.028616417328681,7.8628133983943025,48.65099835149717,Normal
37.66155280982374,11.053670294689839,8.128526036011365,45.863268459500276,Normal
41.29090407687266,8.352396379737353,9.01755049215644,42.12422919293178,Normal
37.4453884324427,10.394041567397846,9.653283483529693,40.716071998110515,Normal
41.996755708940285,10.214489155943593,7.997299706595011,38.101922247220784,Normal
43.25586101333773,9.260448294169471,8.97837928660596,30.301053655522196,Normal
41.09959422171169,9.972777669609224,7.157879664479861,32.35750792944153,Normal
39.14125379933292,9.252951816801337,8.919146543271479,37.743884144518326,Normal
41.36189673792609,8.713958407765906,7.085610171407612,41.93161727681944,Normal
39.073980833360764,9.575662310063628,9.308791923305758,51.526500784034106,Normal
42.80664137639545,8.675213637554005,10.652769052871887,39.6656221769959,Normal
34.50578174735463,10.387356956911898,7.85349933443433,48.027810327021314,Normal
38.99317789564406,8.619897407017163,5.368947811031109,48.634525251456964,Normal
34.027564014628005,10.854372427589261,7.342312480106212,38.148425618489675,Normal
35.514817509318384,8.582225118485416,9.478250161147164,44.75752169096147,Normal
44.091586689441726,9.320446101302792,8.663692144430295,38.05177566620111,Normal
42.68555494591506,9.250475910141786,8.298696318410036,50.57708715262781,Normal
37.841559300145626,11.590176074649806,9.210402027145808,45.08674670612746,Normal
35.492489631877305,10.39634793473991,8.581344127098106,30.476129962493157,Normal
31.10641348647505,9.745919436946727,9.461270224941364,41.29219721723077,Normal
38.369513476202094,10.598463329283668,9.103308411976382,53.18489729459104,Normal
47.26124503674221,7.4713691832043745,9.82604054328435,38.55015172362639,Normal
41.30465281439094,9.948239692430912,8.430555300687505,43.581720240760546,Normal
38.32128314185153,12.397017013365716,9.086311281792746,44.367030701913166,Normal
41.39524062850092,10.158815807683206,7.631447512297058,31.707016806683196,Normal
35.31712494101667,10.081495803003202,7.278247026129193,44.08566359370811,Normal
39.108029911907096,10.657754055570635,10.048121168502767,28.849318783722993,Normal
40.29843241904722,11.074726291977214,8.259445611587225,34.99500714878883,Normal
39.741698044536854,7.603039968532169,8.965856679034856,48.60578373995354,Normal
42.37241836507024,7.981208221850768,8.148488017293667,42.85405032246686,Normal
41.033935678708154,10.252349549303375,7.296181218896043,37.564177538027785,Normal
42.00497805432399,9.142148125722988,8.013179471098882,43.5716881699615,Normal
37.93488315330772,11.574430314663896,9.723192821321257,39.51926201795895,Normal
42.69344622523165,9.62179073213773,8.666288089135309,40.10062801881467,Normal
44.886810842871974,7.678563117144259,5.946232208323449,45.2545482137611,Normal
37.089551441045764,8.478383299787204,7.741706652108614,34.18105807472695,Normal
37.33691303285632,6.70038877644331,10.138752551245654,40.32269124443753,Normal
44.0073530089607,9.719049355260506,7.743443765780053,37.501854443146776,Normal
39.42596803991482,9.77393904728274,5.839425569918983,27.315173003197955,Normal
44.21146417619967,9.490644748261722,10.271658662507052,32.6363539500056,Normal
38.67239286432345,11.294654846835687,8.818871011775352,52.54565157651066,Normal
44.36513672881213,11.438223803820032,7.91598456942464,43.077786516681876,Normal
40.394457450416354,9.795533891972667,7.554298716701518,29.411293588788887,Normal
40.77468646996809,7.438367599027773,9.298822315750083,27.677164993212713,Normal
44.69415406500971,10.74073789659071,7.349619919728569,39.10268879911533,Normal
38.91468856766748,10.66643227421029,9.377907709419185,52.489492265411855,Normal
37.176633712225126,10.371269884188335,8.650634342869107,38.50593492156518,Normal
38.65430737591494,11.17777569916974,8.29361831058482,50.45599642723213,Normal
41.35700185192942,8.602206284246751,8.174617766402715,42.81544616654926,Normal
35.30272278345846,12.410506463422166,7.790038355942986,43.77000366276715,Normal
41.912412707953365,8.848686696229759,9.25476814425112,29.314235925563445,Normal
38.38368604714677,10.899067512641025,6.961588601477799,47.50018337399806,Normal
43.44343798220069,7.975182766703979,6.053689847803749,37.32054370181114,Normal
32.81721908529859,8.883682375275939,8.73732814747097,46.90473962888726,Normal
37.6403026746875,11.819642376070403,8.757485993680577,33.48664014411109,Normal
34.94059554629769,9.68692021239898,8.576289383014121,41.4163947800793,Normal
37.52131160090814,11.007907126159358,8.489274043541647,42.816023631501054,Normal
40.74299770332683,10.284346466463095,7.615351545994943,38.767733467393064,Normal
39.462320123650734,9.874050212799792,8.94497924526263,43.23636154468925,Normal
39.23986729315595,11.636620389919228,7.945330247894551,37.86882339845993,Normal
39.52244538585982,9.716009410417719,7.415463727021787,34.807521975669765,Normal
40.61016472185983,7.863114270923836,7.62573042529352,52.84386706235172,Normal
36.97439187417068,9.036111889657954,10.424767638530998,48.391622930891536,Normal
42.120548922697154,10.661430074442032,5.918028701545481,33.91308203961459,Normal
41.987997911156455,10.474610927635009,8.599745725154959,44.547554444756905,Normal
41.1551138129683,8.119530099717474,5.985067486851539,34.058569162390775,Normal
41.66960032825379,9.130788976710159,7.870119994012432,30.522522850701407,Normal
40.88925400242598,9.301934380957304,7.479647017814974,48.270475531191806,Normal
46.105219908193206,9.56143648706293,5.497966043984146,26.367202994820754,Normal
39.73871748684247,8.348903693678139,8.466845108520516,47.41484730861233,Normal
39.07875034499627,9.245954670256626,7.543954325369365,37.97822149941553,Normal
37.739417258927865,9.125667417688566,5.480952388926507,38.30762717535577,Normal
36.90321198826649,10.925839911714304,9.007481708929102,43.278009756986314,Normal
36.26658463719677,10.970945573188292,9.722007413586722,44.649590495954016,Normal
37.33360806030724,9.82502745029342,9.788149210755886,33.38925458536873,Normal
39.78795885504378,9.529552244955122,8.430747728781766,45.74180487000051,Normal
41.002885385493144,10.167909174446937,8.055269766292538,40.906964304201786,Normal
40.153426175656485,9.020109871053311,9.593787945074956,29.951561657055695,Normal
37.70339416771086,8.623801501399072,10.018860302408118,38.64100413136209,Normal
42.70055369205989,8.87173454928914,9.36028244345075,51.05023212447141,Normal
42.218238016902845,9.238224203234251,6.8701548773242385,53.412758385965574,Normal
39.52105507773395,8.603831440249275,8.241613823857906,45.73878766086942,Normal
38.04125156600586,10.194471470875449,8.527419373149714,30.47725209465304,Normal
41.6452837624894,10.87565880854045,5.828459637299325,43.92485521964711,Normal
40.56392076245832,8.09548203904211,8.563232791544928,46.80688723087354,Normal
35.65561822175486,10.03015445345924,10.727590191175267,45.80566386654978,Normal
39.79605923204679,9.736077045680398,8.76792339896095,46.279634309503344,Normal
40.78610743622314,10.409810422644163,9.768095697730107,42.90610463398025,Normal
37.300915640536736,9.984473478275694,8.219497676154447,39.42070128935565,Normal
40.56953017851233,8.255680864082043,7.912138011219414,35.13306003276785,Normal
35.635532544226635,8.485132841371401,8.45752566809717,24.81651585198803,Normal
44.00855830003651,10.035308290701968,7.021008022418681,42.71713413370681,Normal
43.7438499551783,11.234537103694612,6.8434697753187335,41.488422749217506,Normal
39.242447997091105,7.342975154748396,9.519565468603238,44.46060674259853,Normal
41.09036301351722,10.414871895761896,9.646810811439822,29.299650453656845,Normal
32.77023410260038,11.427546406345172,6.8106724212951795,45.16013351452048,Normal
36.530957019204,9.816368948552544,9.161598565464637,56.43636075696622,Normal
39.11866323954361,10.660242995231728,7.895648029272775,40.62760104622329,Normal
36.78360093571942,9.156317102922637,8.407770289388516,39.50667744634767,Normal
42.14318944789198,9.856760560867748,8.552262367322076,42.47201884868561,Normal
45.99188959224398,8.054903778030218,9.193220561749182,56.2586961976827,Normal
36.47015584171209,7.186788029897352,8.099261842235826,31.81081790640087,Normal
37.48760978774442,11.131318961470331,9.692194394362323,41.62565546715124,Normal
40.70634510492979,8.81800608673067,8.37129540771191,33.60274062161885,Normal
44.833348445498864,9.453366585995884,8.74902112696344,35.62396223324004,Normal
36.33287706238029,8.336269296075768,7.000084890155304,39.60327753694448,Normal
40.74710836692083,8.308036356299349,10.5903908128458,50.77858593290847,Normal
45.46389655243932,9.79139475988646,8.56378990784596,54.40792480550989,Normal
35.0447225554622,9.124507367037225,8.85559691041412,43.58513715701365,Normal
36.1567923794625,10.453565197593639,6.07017702654615,36.98724221581212,Normal
38.72918018061748,10.54304610277551,7.012757572305079,59.94191093310815,Normal
38.43823476143377,10.385019575589528,9.485460425502477,36.57956414936384,Normal
42.43780386326093,10.286320949114133,8.344269341951126,35.4309126851221,Normal
40.724979159462514,11.893321845918264,5.703464318205288,25.800455643370185,Normal
34.675113821073616,8.718887477146136,9.245947914780583,51.16873255395795,Normal
41.54623120870243,9.9340781605565,7.347460634776732,47.74596473897035,Normal
38.26738333793305,11.359227784623506,9.693580383052055,59.34244428893157,Normal
43.823341650823714,11.517447771205644,7.89459718567556,28.883813182254993,Normal
38.11723739068924,8.293883620786513,8.245648023224636,51.665366459832875,Normal
38.090154150693294,9.625173470012957,9.414745494309978,40.56108414692902,Normal
41.623394832413595,11.629745315040713,6.923008434974405,46.44880173440109,Normal
42.28877944701081,10.609694926238879,6.8085838305992725,26.817782871164233,Normal
41.34429809180861,10.234315637775728,7.764201895522271,51.74465458132238,Normal
34.94320804784557,9.738778367878412,8.992607359545467,46.29213401065464,Normal
41.61410331978475,9.539438889150706,6.402947296863811,39.68871972171026,Normal
36.897075844976804,10.34586287570839,5.998358480133084,45.16090150128897,Normal
40.70582833476479,9.69715105001862,8.98846511245255,33.876037591662005,Normal
35.72879669380282,9.948905654746667,7.276426024919596,35.36447931534641,Normal
41.33896644262919,10.094318447338045,7.52932878449566,36.29244309099683,Normal
37.58020328707788,9.1863141658078,5.771827517671801,25.178177106477776,Normal
36.152096049218436,10.638555248657726,7.185224822777622,46.89406795362694,Normal
42.1414604094472,13.497093578098504,7.990919244042619,49.53274891346053,Normal
40.724933565030256,7.86761603280871,9.116453429147471,34.389246801889264,Normal
38.15806959582131,10.388815029027976,7.074523800518433,42.78562412755855,Normal
44.35353654706319,9.087771893657314,9.988851344278995,37.87567620296611,Normal
38.678042735290774,10.6928830930231,7.178532770984239,42.62619169664824,Normal
40.0963230219128,10.055868967993433,7.18028983809779,34.979382070311765,Normal
40.806740343035806,10.914225728850957,9.844829062277363,32.93259875129891,Normal
38.141002197614156,11.410607891810535,8.2537521828367,48.41659908818994,Normal
41.41340888019979,10.230905341321817,7.337570325186108,39.48903531900406,Normal
38.39964295850583,11.358462746097015,7.813840242583288,56.1768716068278,Normal
38.76508503335137,7.186842527453587,9.62368829305047,40.37047971835312,Normal
44.08792791941002,11.908542757499228,9.759443383550819,32.59137567719606,Normal
36.8782418424627,10.450074582270808,7.019848184875693,49.81552701148751,Normal
32.76165900721153,11.293412026894218,7.94907942790507,45.04640131316816,Normal
44.832810985035685,8.536149106190175,8.108188193201087,45.81498290957139,Normal
47.64798385782101,9.003076142073597,6.816511867380083,49.524805430943346,Normal
38.784192203652005,10.17512595297373,7.933177936820007,34.777629649233646,Normal
34.18948587813944,9.979554532795044,8.006387432542041,38.9819735281177,Normal
39.06854807141217,10.339682305611987,9.368251374724082,38.628401348097654,Normal
39.141331150477995,11.301418193115959,9.44891003397344,29.674027704675055,Normal
39.43022847693323,7.881735621636581,7.6049487219691905,37.89127879873405,Normal
36.65983587423445,11.16858288606077,7.743256227367026,50.691035663014596,Normal
41.738683427429436,10.009938291949512,8.797150762466762,41.89870483035077,Normal
41.57352212585826,9.755461766650543,7.297773861287586,29.231509377240098,Normal
35.51678314054208,8.234661718738131,8.706368182084884,27.55328470668052,Normal
42.09759019508466,10.603658402052238,7.894512215156943,53.318208469986175,Normal
46.15805494583768,7.103070578762756,6.836721706713655,39.27744791795896,Normal
40.51588099731118,10.778072813486455,6.851795944544424,34.82071835438706,Normal
38.988024513794485,8.20947299743241,9.736470435237322,37.808065880823975,Normal
39.573990356777436,10.064149495140969,7.812294225028042,28.181537965461345,Normal
41.845770300905684,9.856997395206495,9.968424912677973,51.38476119609296,Normal
34.807985183478344,11.40344577675266,7.383636487142108,36.855576499311766,Normal
40.49317210893191,9.785613797183332,8.349446241357793,50.939212221907376,Normal
38.82860815161157,9.1670337266252,10.87121206762189,40.41321371557852,Normal
45.54347503886814,9.392076764834556,6.731135906404065,51.43625579654752,Normal
39.477481798585124,11.527459322505596,5.722622600120268,42.053555992344684,Normal
45.00366283335856,10.643556363017073,9.54390815754468,46.82586130295261,Normal
36.68877790665398,9.537244022172207,7.0078290735283115,45.75274436870669,Normal
41.76177750040838,9.716264296042583,7.975152363072519,44.98632853001577,Normal
40.958200791373685,8.119387491297463,7.296898147458098,42.783475817461685,Normal
37.39285825640565,10.46616904102185,8.32179533714638,38.13719427107532,Normal
40.53218834391082,7.888221150765441,6.859356551377109,55.323477532582885,Normal
43.637556510494804,10.902155759002547,7.784071894540033,32.74450411923279,Normal
39.0286248871402,10.15434591098952,8.539778391867841,40.03446113874528,Normal
34.92411205249071,12.864342159488707,6.7900293364708855,40.119087001660766,Normal
39.94731152056766,8.679837335530832,7.1598991644249335,43.21952602674817,Normal
37.29273071562246,9.87680549075124,7.583140599681762,36.56421883284399,Normal
38.97297718400835,12.157945241107676,6.285421478928466,42.5179704447167,Normal
39.755236690944635,11.429667568349696,7.492926820641505,38.649259318376274,Normal
34.88304335195345,9.16454553810412,8.142555847883482,27.344379860496808,Normal
35.15302498203796,10.268760914048137,7.520541270093886,40.076418290054775,Normal
41.446200506576574,10.002399227698104,7.6743482084819306,31.19547733575879,Normal
38.43184391149096,10.33834704087299,7.976117994912098,26.124913900408792,Normal
32.3057669745383,9.161583476818205,7.213107845081224,41.09498656551508,Normal
42.354532109824405,9.892815516759118,8.829275079040253,43.90306673615653,Normal
40.81710926582272,8.082337149667943,9.72317374976213,44.21358433683661,Normal
37.85837552789055,10.162148142241698,7.442743529365462,44.537365656157554,Normal
36.049509366825276,10.540024808106198,8.582237877773249,24.539287832475118,Normal
42.507423688943014,9.72709670482734,7.712459413478424,29.111864576740246,Normal
41.04805186768129,8.061938931298254,8.438584814046205,55.78817149450937,Normal
47.14780684805222,11.186238235421754,9.878935437443905,31.62232991938371,Normal
41.26056579617481,10.437430045591363,8.610391451621718,44.886728249093515,Normal
41.16310942378605,9.128781882758828,5.871902553428383,34.50449902667323,Normal
39.4992162096743,9.663279463794323,8.544794757736351,40.63738191414052,Normal
42.450327601602375,8.199196716661794,9.47943649197081,34.933966381811246,Normal
41.87525560374446,8.769507846666516,7.734084596002277,44.49232923695716,Normal
43.755175025695586,9.354626384371432,9.194761767341399,41.094192938533595,Normal
38.43603124408815,11.474104974736182,7.1718613506176645,36.41368181084613,Normal
38.69377758116811,9.232595930935029,6.217353008573271,31.598623042554316,Normal
38.56269048726406,10.76825639119451,8.169402822599169,42.14219357994009,Normal
42.37240516353697,9.354020556566104,5.892227935104423,30.29824960765928,Normal
44.495123320890194,10.29753707302225,7.71227478452769,43.41984833696671,Normal
38.6234785205521,9.830325397427437,9.544210715174604,61.011879272295204,Normal
38.72567881662073,11.047667920111293,5.708284513104463,50.801360410096095,Normal
40.9422316716094,9.35822639413773,6.464603844903323,45.746783095153305,Normal
39.262715499961296,8.11296609999707,6.761561305806107,39.31514161807082,Normal
42.85616095941967,8.341661162363641,7.924016168346848,24.489978983971795,Normal
33.24466812814286,9.361747007268692,7.561139857224549,29.421708832798526,Normal
37.519884859249316,8.501128035186337,9.678963658035304,50.26234284882171,Normal
37.652750998115664,10.492254418815461,9.145217994910038,33.68195135900176,Normal
33.038931962841566,9.441078202170306,8.594327535282318,34.40598321468762,Normal
37.10908466689359,12.849527860031717,8.174756377212661,38.67479619452783,Normal
37.25453165246222,7.914742485835442,8.471875732381793,31.503629929227564,Normal
39.39668603644351,10.244359814451762,6.96562117362395,30.18585012358691,Normal
43.33889767498079,8.646456371793198,9.028652424267936,39.59620741774862,Normal
39.26481804642789,9.407918391540786,6.6655468947689585,32.86776436262371,Normal
36.907558839186535,10.169703368008653,9.002452392682677,34.07185136176884,Normal
39.829136376359415,7.2095543501508565,9.423371002542597,33.75047179082395,Normal
43.14752086432405,10.284191340145632,8.253037522505705,44.178881710675746,Normal
37.07212355165529,12.283488954729002,7.788544329245629,38.14299447603714,Normal
37.268275348235655,9.455874041957689,8.480371889971607,38.57142425684917,Normal
41.67564687782267,10.311769428166611,4.566177955879192,44.775567178471064,Normal
39.3353916528076,11.22990603175048,8.362709862182554,38.86368313413648,Normal
41.94245407212842,9.803255799967603,7.863975202592232,37.77396985234262,Normal
39.95905962461411,9.30284777376222,7.939246264331611,43.76360284456137,Normal
42.1049909442687,7.269116315533898,8.847839015477392,45.34558274846105,Normal
36.894765657878075,10.769188863273968,7.910277294122326,38.82341200393117,Normal
39.9637460476352,9.864197908325323,6.63175177201861,40.64486220496417,Normal
39.36792995691053,8.784779378334205,7.830316795009546,33.74567816213337,Normal
36.35232722768761,10.151916052333233,8.081066580896989,33.1145356546838,Normal
35.309566156393934,9.299583571832583,8.137920693897215,46.15318001573446,Normal
42.05724710582398,9.36588864266137,8.194303240742082,43.55953650035698,Normal
38.947142853346065,10.72754938733045,9.247242853902264,43.64238750733261,Normal
36.933159155058014,8.393941106411386,6.696758536359023,42.246834789804176,Normal
39.71146318923,11.25677834328851,8.21084054739782,40.36962620651963,Normal
43.38405657204791,8.322776604257916,9.54791563834189,45.57129512658216,Normal
33.15778646388423,9.204758309973684,5.918466203675366,47.48087008818227,Normal
35.51008393029002,12.307535432879892,8.215576016936064,47.28982404152518,Normal
37.2313406743142,11.352825713970907,7.297545797632348,39.19377667243211,Normal
44.38353660016099,10.117124790994529,7.555147538632274,51.09594183927071,Normal
40.84776094875789,8.87136374139854,6.9142309961426935,41.82768545385857,Normal
42.30195172138368,9.364873231960129,7.796539141159467,45.05900954052639,Normal
36.57951724262131,10.087930377502836,10.209506737312285,42.256703126679035,Normal
36.64139237418842,10.045027878807518,6.482683566587344,41.97605365987339,Normal
41.34344115016813,9.890954884448844,6.596467997025407,34.11398407799744,Normal
40.17482299280634,9.96300098309898,6.437678515803794,45.61080670675861,Normal
41.64621645659238,9.742749868353863,10.07290194395372,62.76235515926111,Normal
39.43698702721464,8.269625517231985,7.4451923533744555,37.001639401679334,Normal
40.83443117936388,9.380187109407,7.969233127582791,40.56795772339959,Normal
40.47435725471533,11.097548864784216,7.516660470672512,36.4303578852219,Normal
42.33330216725478,8.35799884293866,6.86669254591629,36.09584078750452,Normal
42.421024845833415,9.772533386152865,7.717819224062677,52.35559582494938,Normal
35.14038401682469,9.016295285474987,10.949892326883871,34.616231858180285,Normal
33.258194333977436,10.133620515277734,9.670485105169107,36.20735621306911,Normal
43.00523619295452,9.533640182719818,6.976474618649274,27.30005741014959,Normal
43.56317527978581,11.772872397969603,8.777088923674023,33.93910620366202,Normal
36.93813094145999,10.607899785028305,7.002172672800349,26.33280085637322,Normal
34.42049378036312,8.425836201067346,5.868358833384535,45.05443759369543,Normal
40.297104463021604,10.805473613936439,9.223413101197556,62.397577774698476,Normal
42.792514679051585,9.070417772485523,9.392111415972261,37.06656965079582,Normal
45.39278356730294,9.30760435434696,9.255262701257479,26.6659365360781,Normal
41.54889271630435,10.376582824128546,7.436161700936513,47.19999731543787,Normal
38.88484991024291,9.409903096323838,7.799869119197616,34.184600328558744,Normal
37.320608135245415,11.071426979587546,8.899718664389749,50.39477544442832,Normal
40.034353875011966,9.070587926183926,8.469795244817728,37.74376761768044,Normal
39.10220588834423,9.257264136890365,7.527635034443547,34.945474487337755,Normal
36.954796282813554,9.21235492774227,6.0571138158582025,38.57633955403451,Normal
46.14626695258986,9.321233501973953,8.136650232970414,46.062214087489494,Normal
45.35550520621639,11.319029866657376,9.294811567083336,38.18063495395475,Normal
43.40814605066628,10.754555552332363,6.562894053159011,36.02620237765036,Normal
37.237448806572615,12.051932744814485,8.766511258011173,38.40934717616903,Normal
42.565057972891836,12.721173044679105,8.397850034160431,29.82515852399292,Normal
41.91887922849371,8.763139561681193,8.9001779158788,43.17625281835184,Normal
41.32763687261216,10.084502952792747,9.046370599662808,25.70618724924072,Normal
43.74899580113133,8.58855962002788,7.166641709689577,36.44702836507588,Normal
41.90611342858383,9.066872886702079,6.059648719802064,46.07508167064594,Normal
42.220042708913006,9.243900987693197,7.359776569180545,42.424386263461734,Normal
41.91071885011663,8.731414151034071,9.066952781032409,44.72256458389112,Normal
41.02237422400632,8.737735272521904,7.349595315768835,39.47963461824953,Normal
34.64916661085745,9.826858745775695,7.16714801137083,49.35796944788413,Normal
40.25086323223167,8.539937897936312,5.814379589690434,47.397593574158336,Normal
38.33142412345262,11.01055235096516,10.103177065461127,43.5691280339814,Normal
36.160477127079936,8.898695755098982,8.990856369710372,47.42036621850834,Normal
45.04544985790247,13.37148276411567,8.923875177529718,46.003388435228615,Normal
45.18698602265711,9.458338658842726,9.161270464135368,36.48429189322488,Normal
44.07766180088684,10.086421170300463,8.692050033852082,29.248808706469333,Normal
40.76564025056762,8.445590578640758,7.706805373784565,43.362897006740994,Normal
44.05187536285797,12.047310109753166,7.803483075053358,44.36871384665143,Normal
40.036159541805475,11.343400816963499,7.48692276248945,48.72377592910853,Normal
40.608391830693336,10.356299044883334,11.161688905298,32.50942979963765,Normal
36.71958588861405,8.383836941464521,8.667094437559332,32.748551525782695,Normal
41.19097391349652,10.252800253269545,7.443439470378278,43.679202130462166,Normal
40.18115778527325,8.654282744779294,8.558596128999536,39.43066408917531,Normal
36.09204364949661,11.754826316168034,6.786957298572419,24.913907115430973,Normal
39.84640866455021,10.971033678223808,9.805408062307073,43.000865310033525,Normal
39.760811308429574,10.114526846185283,7.206717085031432,25.180616680088363,Normal
45.39268349993392,7.076349204103213,8.601302519146959,32.43794758501299,Normal
42.68263998554023,8.819900825609164,9.279173155691762,50.81345098288086,Normal
40.034336317274395,10.825313357919846,8.461722253045991,54.59903214245692,Normal
40.74636192940325,11.455460430067786,8.113363990183565,30.27474905222431,Normal
40.132637134312596,11.331003773790558,8.012962501827218,37.36486770069845,Normal
39.391258045613355,8.089584397310254,7.932270683735472,40.34098018462965,Normal
36.75271840783514,10.361862768175484,7.3079618132869975,54.249815420652546,Normal
39.54684436717921,11.218618259779515,7.460619884276355,36.057048417404786,Normal
37.76170523004246,8.009997321301306,9.775508448381123,36.18492781573377,Normal
36.24905338323056,9.990514581552116,7.869756040777812,52.389804467702895,Normal
41.533665443642604,10.328610877970148,7.057044476740672,37.001686778253934,Normal
41.173793979799704,9.639082498183917,7.3804428837661895,45.77761367173166,Normal
34.639877465895765,7.7774057735185576,9.320444816836668,28.18285627910058,Normal
39.63194608751462,9.609162267911525,8.810727959797374,38.63013804726139,Normal
42.98710415769977,9.607233483693971,8.672395013878708,26.723225293388765,Normal
43.177671216688964,9.822313114542695,7.69097456130825,31.556529752354365,Normal
43.077510528655715,9.323834289489916,8.688034964207533,46.713610841218106,Normal
40.11673962070438,9.46838541611024,7.227726650059222,39.6007568713063,Normal
37.46486401609255,9.952352461183626,7.68846316238507,37.4471540755762,Normal
36.74890351792582,10.530945525963654,9.163765384870095,34.01000300815266,Normal
41.03381471425107,9.634687884572,9.049133214702877,38.23475141406974,Normal
41.13784010309549,9.508421285958399,6.821708184859036,42.408905336805546,Normal
43.861993334815196,10.11082484590535,6.973368256509709,47.863329651694094,Normal
43.29993895102625,7.694900888925782,8.130442583376091,18.99882652722558,Normal
39.60331403040648,10.57244215267175,10.071358849603412,33.34591060589752,Normal
36.26738236341739,9.999324283452449,5.701321802637207,41.272769937512045,Normal
39.042680208967305,10.047632231917074,8.333999527484606,39.209095072301714,Normal
40.65169358443158,11.152881169113357,6.348748002112222,43.2270099402138,Normal
39.39375026383179,7.656621363942103,7.238802807769345,42.14032228901243,Normal
38.266317675767034,7.6313993561692435,7.56268589832291,37.56105709605274,Normal
40.758654444909695,10.328564614388224,7.495389987875731,35.785174432102586,Normal
38.488126775768166,9.991459773845781,7.35944487240895,38.03598808211599,Normal
38.11580174882388,10.204212331830318,8.008648472451645,49.18993879858194,Normal
40.93435850291032,9.445447509793066,7.357693320043306,34.14393653675428,Normal
38.79402225961238,10.797224409087917,6.2450511381750164,39.497546214848356,Normal
40.73231316693506,11.119166611589344,8.935843535027331,41.46673771198737,Normal
40.81961206855637,10.580778752741832,8.903446600578656,52.482807438995664,Normal
36.58171299672527,9.6870058499145,9.011809172027203,37.59753393410949,Normal
38.556276628403765,7.470772734862717,6.151118604483102,47.67045324808769,Normal
44.31333081974939,10.923083449644555,8.358701783100981,49.85583522612018,Normal
36.51376146179714,11.466074399461112,8.811174626968308,39.48996588007481,Normal
33.65003665308841,10.773470094380777,6.762557517872498,38.3142481673859,Normal
34.41446454027246,8.944429087158992,8.011007897818555,37.36757062361427,Normal
40.08732983973001,10.808553272401308,7.860480025627561,37.95341492605934,Normal
40.092751834098095,11.032635649553734,10.210580790281917,46.83391888461466,Normal
39.64716743372464,11.870579497358904,10.309395244415088,41.84807981804411,Normal
43.642569486785504,8.94866809092645,6.0027723280037595,41.882317673358955,Normal
31.98149670069119,9.728254498547035,10.992712406873586,30.99821191696132,Normal
41.18780162329247,10.896726461372147,6.901729134616011,32.26007938099812,Normal
44.68431460541072,10.068892085725789,9.176807953192911,57.14757459821584,Normal
36.616657705324855,8.65920687753847,9.164597577036478,38.57739419769048,Normal
38.86058046463032,10.497539542032044,6.805171727789832,33.801824035373116,Normal
37.741324248314136,10.6943939605782,8.591921352606919,51.44879332471438,Normal
37.31696186176741,10.105555475597203,7.870959506880723,42.254468389468414,Normal
39.02121398493088,10.263501912615933,8.665196005558869,44.625239334916174,Normal
44.28245585105351,9.689552917977124,8.27680676285675,38.895623397747734,Normal
45.51216002646256,11.773934722859272,9.435607382444296,37.450615275385566,Normal
38.99218232487956,8.919169379544789,8.090479451775275,38.643309020021675,Normal
45.71518064219341,9.295215084683466,7.798551116688427,28.938094637610988,Normal
40.10672943095388,10.013182616233031,9.315277079668617,39.29658072464082,Normal
45.261073080103245,11.05474483324107,8.696475157830324,42.36826461634094,Normal
39.72010405103953,8.203152195886556,8.878176073185065,54.80370587075003,Normal
40.393173478138436,8.427643900281472,7.202495993289684,40.687992520041725,Normal
41.096423417928506,7.554725790718338,6.745684662321831,21.32658366231756,Normal
49.536561038102604,10.039234270303925,7.318733428096758,39.24811653772303,Normal
42.55385672453437,8.658033019352148,7.255014337183294,61.91603306486645,Normal
37.87820641014561,9.5385398679785,8.943439122383497,46.93092987988032,Normal
42.90699361082758,10.793653827870049,9.171180860352862,33.51288844953129,Normal
38.914502388746975,9.230148735060585,7.813843652561119,44.728852115444454,Normal
38.53074945129637,10.277538427292038,9.717102822589222,34.06389260088208,Normal
42.72580407967634,9.640794510697933,9.642163272518156,29.169539843625138,Normal
40.093256763313455,10.806537178115724,8.292078699680648,37.21304509412742,Normal
40.835727743535415,10.57015368081761,7.013729874148352,40.73221151391089,Normal
40.04195566559588,9.169679564590467,9.890451979322648,25.022755980532835,Normal
41.009749379816306,9.797617895919457,7.92677917876591,30.806725675690913,Normal
41.27489769230845,11.252492077264593,8.151398235717169,40.082684505458836,Normal
34.18909920188376,10.472052244304916,7.592473969272118,36.73461459208837,Normal
41.9997180058286,8.323645530698641,6.932251608443363,43.15849016916873,Normal
37.053941740509096,10.78674167340566,6.23763268362165,30.28265338153151,Normal
35.673102593321765,8.698467253076513,8.759441988268746,45.712909988426404,Normal
39.82476626842395,11.695015683953207,7.059918735324056,30.529927223518442,Normal
40.25194300994336,11.22891860780923,11.671437474796189,53.141874415501036,Normal
37.919481506283155,10.34786257110208,6.696711700865025,26.273933724973467,Normal
42.49309557300392,10.188679412123433,6.491141030022356,31.2595658369327,Normal
35.97347450088728,9.749161292767097,8.61216645873613,43.338966424254636,Normal
38.77916875368232,10.814228741680033,9.835176174760754,53.313866011981105,Normal
38.245377595201,9.555066196645527,8.077507588331866,42.520344288929365,Normal
39.86023818898198,10.282683844767872,8.68669090422473,44.50286336145913,Normal
40.83659285394172,11.04632123982334,5.787743099049548,40.14029521338447,Normal
36.97632115112937,9.325832147769292,7.18698614516988,31.788812367078453,Normal
42.172848032368684,9.260568712011166,6.71166112503492,36.078893214084964,Normal
40.1890071050041,8.56676142313065,5.725944980062543,30.304722240149786,Normal
34.32416124006427,8.722632704648593,8.140376280828665,29.770320257785027,Normal
34.124225678808905,7.805925626270197,5.30860685406748,43.21399135455797,Normal
39.96304212121207,10.875794546818636,6.413364840695062,31.014576143296306,Normal
39.33709804664094,12.170697450499325,7.355367447183898,42.55643205378689,Normal
39.6897396592761,11.710394732164367,7.002456996858708,29.58541798223122,Normal
39.91605263040935,8.048698613648181,8.475690202648481,42.37106416093404,Normal
40.67667951853054,10.86982560586744,8.366696230282976,36.0905394482963,Normal
42.8429488295449,11.706527619908268,9.072558495122548,51.25292426920515,Normal
36.66668529724733,9.451828023113602,8.902860479255214,42.58975116463252,Normal
36.48408522129762,10.12173691678006,9.368975347233658,49.88626314395313,Normal
36.720028426337855,7.590528339034396,7.997697919989135,33.95482626859846,Normal
40.86675000150612,10.32008340157197,8.364160280980004,40.44914672195334,Normal
43.73484213593934,8.723728324678339,8.61381644230303,32.15130273506978,Normal
38.70598168528147,10.239562021493818,8.169988036869231,36.69115805804466,Normal
32.494900467521035,8.126556493373343,7.523366828099511,37.90316621804297,Normal
34.888021412168875,10.651429869373114,7.6010689587922755,34.193134234502885,Normal
37.500889831611964,11.229415210512027,7.018929922004041,30.27597712923444,Normal
38.32681333751435,9.060184165941799,8.505940195891796,28.691861410778777,Normal
38.77483411823582,8.635692902307479,7.887181791097813,21.282015074340823,Normal
40.11574336894275,7.412772348940022,7.204191499235883,31.549228291972337,Normal
39.06476100753266,9.680303759109787,7.205306216810489,45.01995117337476,Normal
43.148018831630225,9.302087278862073,6.5475215266606535,27.212011743893736,Normal
37.97194808295589,8.138776705182334,9.174609609484639,29.055017229973558,Normal
37.41304612157337,10.543622507574606,8.094341203438145,54.327188569863324,Normal
41.43662661556139,9.460035541762421,6.964639976512076,34.90803160121397,Normal
35.39307379022164,8.70911684962572,8.970257299522421,42.56836807331869,Normal
41.169075115960005,9.334513113231463,7.327461428246752,45.13853717200396,Normal
40.3076595511788,11.28556544671554,6.312199247585321,45.300209038250244,Normal
39.5576725302455,10.723524332506267,9.22546674706296,27.821486155135524,Normal
44.76482832144779,9.843968726201812,7.355483612520664,38.151522560804075,Normal
38.13337766411585,10.742926022157823,7.509321091749452,27.054181843852863,Normal
46.180894511572234,8.606905652335913,8.049416024419013,59.57054287128258,Normal
39.3237056523157,10.038844120872437,9.371107067348138,27.2409978878752,Normal
36.16895066508931,10.176786796583764,8.024044749039573,31.61727824904144,Normal
40.20975874298448,9.436196189801528,6.561059448625723,31.675193161267963,Normal
36.771264399043694,10.5225500031489,8.652652404934615,28.02671618621696,Normal
37.7447324565595,9.063479854426658,7.418012330885931,50.82075127805236,Normal
41.191099900046474,10.611784849331341,10.26550876583536,59.37958320866797,Normal
41.66674626595037,10.66223052583755,7.998656333602532,36.19400704549906,Normal
38.13349689923722,6.499408143163521,5.317957402521601,29.436614825244718,Normal
42.9622154351392,11.42836684421214,8.428837966586809,22.10459601019183,Normal
43.472523274063406,6.342840921576695,10.333517350712274,38.04713025182319,Normal
44.30890526968987,9.26074116933265,9.891104346254467,37.46907661470845,Normal
41.58824022137717,11.230417641109305,10.197145146507879,34.78963098911884,Normal
44.0902861362571,9.619255929697072,6.776287777542244,41.77100203180983,Normal
34.35760471607783,8.24057682103655,9.094582875172135,43.16138514252389,Normal
39.046280354114614,8.687515525939995,7.133606552315946,42.58466606350321,Normal
37.39898423102972,11.232286895584744,8.26914727930031,37.471001024252104,Normal
40.35767758338218,7.694194563341634,6.472457085512321,31.187025363405905,Normal
38.28565234240979,11.35478932115442,7.22665308214074,45.326664782453726,Normal
39.5015264741508,9.933877481149253,7.188503963163662,40.10011007537224,Normal
45.64652464061215,8.56912560346908,9.07826633617114,47.106860198677204,Normal
39.490840610738864,9.30026191323677,8.960862946003587,46.32060439577785,Normal
41.24137695157064,8.779330790678031,8.332183675196985,28.625903447623074,Normal
39.30319201022729,11.039470241030234,6.379494298333538,28.526222340339174,Normal
40.2271398638705,10.878913371715406,7.626032679260336,33.955674250075774,Normal
40.018050041308214,7.937006639348744,7.104660220468729,31.549876733674658,Normal
41.344972197919475,9.5156894577768,9.04361090803339,46.042014207808805,Normal
43.49592260664153,8.964177205186868,9.413821823380621,42.81047740790334,Normal
44.94218199280999,11.552211962151244,9.26766270323706,48.79347195028249,Normal
40.9288602457275,8.379881058248294,7.093736696699575,43.171894539287344,Normal
41.768640658106804,11.925074925622017,4.712560253252625,41.669196654986955,Normal
36.5474064724433,9.960046312579674,5.879645722243935,49.59783824275336,Normal
39.736369772753136,8.605678712343895,9.70595237369865,43.75781871788039,Normal
42.820868394650766,9.187270979188867,7.518494072816211,40.544807707501754,Normal
42.59790591525146,9.03805739107786,7.099130458081865,51.843624271445485,Normal
40.63482919838515,8.470457917581392,9.97119235212348,40.92144706522232,Normal
42.659181878703855,10.11379223167645,9.518191934585992,37.565275160656626,Normal
41.47230012698146,8.526501339169789,8.029338466303743,33.297413929778806,Normal
43.600918774777966,7.383560549514174,7.647916290723232,45.62420367236329,Normal
40.868077470871334,9.544388234982192,7.84147854462425,49.89640433473975,Normal
38.932905053286895,7.836572564298541,8.27259535806496,39.59530078853256,Normal
41.00752377079907,9.097406958318976,9.92005673758353,50.46332499023871,Normal
31.208216872441675,8.909076533675973,8.506960909084672,24.239879744227395,Normal
41.14865720915515,8.954540713569022,8.87123483964697,39.556373001536684,Normal
29.054761524355648,12.401155721908184,9.403124130884205,39.67924070316451,Normal
34.829609777783745,10.067693880603485,6.596388798770697,34.18404502074122,Normal
41.355305802822954,10.294445210794398,8.905834270968851,59.070888303854986,Normal
41.432588011800384,7.868322044389247,7.6465174944060665,39.47045893848991,Normal
36.51271365958021,9.215244239635695,4.980685765072681,36.73815382716453,Normal
37.863693874363186,10.258363155929814,5.446196549617026,40.20769690746804,Normal
44.11162296584239,8.770565304504393,6.778258866177577,23.977490091793364,Normal
38.54790960528197,11.089675412221583,8.637467874311097,33.92105659724068,Normal
46.72876093720895,8.556764096918764,8.136559478408357,47.86591975556323,Normal
39.99424044047096,9.65636063696179,8.221240048610797,34.9684371605378,Normal
41.224108530643804,9.29673803202933,10.34113217922403,33.36899869759783,Normal
44.85062319549582,10.1971847912583,6.477092462168225,50.4762050921152,Normal
40.39308134858026,9.231411913773488,7.967079974979532,50.72203520761463,Normal
36.9929680579276,9.674927647514876,8.365322627376578,44.135923777289136,Normal
39.67081764491713,9.716643889866418,7.116472260153998,36.35906132769066,Normal
39.893167791429725,9.118734691130438,8.03399209409953,38.08423147906941,Normal
35.9057750433953,10.582112642196535,6.080060799098787,33.56680030740033,Normal
39.23250378597753,10.28606604980491,9.691887460730033,32.04181504777084,Normal
37.77342371800769,9.8936632656962,7.182062536963479,31.64466809353254,Normal
42.7730732715623,9.48344999984565,10.437680197734203,35.05556474571834,Normal
40.10383562255576,10.955852836623997,7.961030811299054,31.72223207452204,Normal
39.15161275255729,9.716998907422983,9.23366427847902,27.490359051654806,Normal
39.68145420813227,9.631963254608875,7.936036557210615,41.75522135803124,Normal
40.6693660552185,10.125628035865752,7.963107401287364,41.876764647147496,Normal
41.85044259906934,12.03590401956502,7.299164800133591,53.60634206742653,Normal
37.00086331399186,8.391572550374555,8.142948715239534,34.65329305316238,Normal
36.87523710213618,10.923828271666425,8.381598433296856,42.36880471698616,Normal
43.31403764620759,7.728194606514274,7.058889789301784,42.501700634198414,Normal
38.76298938338581,10.260727789874348,7.849946700968139,37.96929951099573,Normal
35.74947372220938,11.890099393130477,7.267881360731463,45.95466870999741,Normal
41.331438128149316,10.586402229360768,10.759596883537807,46.20183349480571,Normal
41.39010941809806,10.204750094247752,7.892323076106058,42.61928876158032,Normal
35.40785422822988,9.32746063743631,9.854278582035871,37.954882359617635,Normal
40.68844514639082,10.037256640586264,7.765253203030774,37.13975913156372,Normal
42.20674927728512,9.697524621515972,8.31114516984189,29.057968809623524,Normal
41.12315935511879,9.056828070482373,6.414363114025677,33.55265777105846,Normal
41.89594445128419,9.652149261430155,7.4635128897585625,35.023939808786494,Normal
35.787192705727755,10.238057392751728,8.252641604947096,31.008225900564526,Normal
40.993120464988586,9.079339517763232,9.90320459715184,43.519391733501315,Normal
39.09214072158866,9.03246181517838,8.266379333211525,49.57302295189608,Normal
38.551629523826065,8.36770787488939,9.6604644334316,32.7355005413668,Normal
42.61166682825918,10.468870031306675,8.768874932243504,42.2675314859571,Normal
44.43782353202269,10.654387914360472,9.952881607357623,31.727110883762318,Normal
45.38311016380108,10.277992533083822,7.929149339233933,37.560622632486705,Normal
43.94442361451772,11.1582045912744,10.868267252782164,34.47736336657779,Normal
39.67079745510945,10.105441164496874,7.417524556503053,44.81516518885153,Normal
41.05816048907903,10.470413124838908,7.080245798962797,34.56969460926258,Normal
42.30046861535273,10.364604910765076,6.547936580373159,48.093283309653174,Normal
40.36353384789839,9.890151976698151,10.797229605869685,38.03423381070241,Normal
40.392292563734635,9.363013806244423,8.983337087141477,34.80317032324135,Normal
42.47125939562854,12.656983138950293,7.59905511994363,29.973557901238696,Normal
51.0128180411814,13.535686232166086,13.405210108669124,48.853472246252444,Degrading
53.580873608904724,13.460925396575092,12.903982667955889,53.98452532693173,Degrading
51.0932850261475,12.746012157490195,14.555278526933614,55.52731793633353,Degrading
58.955326665657694,14.7712692715805,14.092119719341108,60.12960030151661,Degrading
55.71914980988167,14.422363137868567,7.625519438602137,55.15069486735893,Degrading
48.76988894113194,11.136830543115048,13.981435967971223,68.3633665258721,Degrading
48.72789026477172,11.027253208569157,11.19373706289265,47.55380118687424,Degrading
51.878786877941415,14.764432015770359,10.440888265392342,47.78253172525018,Degrading
46.647923278297256,12.532484428169838,12.660747861327586,58.995000696396836,Degrading
54.665153226129945,14.543674079180583,13.739747996254021,60.41912476274129,Degrading
51.44640208737434,15.40567684059654,10.046677701483716,48.90820514427707,Degrading
51.02583564343413,11.712284892669993,14.268237550703592,56.53926041617191,Degrading
52.74781467108326,11.459232941762867,14.37400992555688,58.3906056432282,Degrading
56.891319533476235,17.01397702831153,13.084557153339096,58.46031847680069,Degrading
50.68382140875002,14.632827409332426,11.438277465591312,63.36693334960362,Degrading
49.54783851651446,13.245366817988112,11.237119592459274,56.04579004018794,Degrading
56.034878493290314,12.318907185236725,14.84667783684441,75.30052670007446,Degrading
53.870201663964544,13.081206471966897,10.279799164307372,66.39384175760215,Degrading
48.71608063846511,11.856969794996042,14.91604682947452,54.735978314228106,Degrading
50.02074579463608,15.590141913363063,12.702641513565213,62.850603440308156,Degrading
50.781523663755195,12.601847923508622,12.827497900642857,63.11613786745045,Degrading
51.44725177841993,15.96836225878928,9.925442130256014,72.93249327048002,Degrading
44.573600596243544,13.27886794441398,12.735910065768545,56.596558139752844,Degrading
43.83006156879376,12.121969669488834,14.104453928820476,68.90604827948516,Degrading
46.45043991199019,13.232657141575157,10.594461841866433,62.3766902820423,Degrading
46.14104622795463,9.27649980049745,13.897544561053323,75.42409864803889,Degrading
47.42470394410999,13.782616561986787,13.16022205662224,73.61802307375467,Degrading
52.53884256836002,13.693785455965715,11.841239895101847,63.7728137413334,Degrading
49.32428337470105,15.484536943786342,14.538411555684348,59.63945641085545,Degrading
50.78557842004075,10.604651129629918,9.035937815838599,66.5594531871151,Degrading
45.10278635983095,16.091359449554385,13.624025347738677,60.37594975585551,Degrading
48.15343118831622,15.477078730995782,15.914983284531926,77.12276395380502,Degrading
52.34903064697936,16.253678414657593,15.591897650381192,62.70623070359311,Degrading
52.37980983270721,13.905101523192553,13.70165209696934,58.34921630738447,Degrading
47.10170468724837,15.82501430138496,12.456974602964477,57.86346422533467,Degrading
50.646649545518216,11.35176073716757,11.855555398214264,51.082679733211634,Degrading
58.79539141392933,15.283485617368159,12.454733570969845,67.00903215283991,Degrading
49.92960828297745,12.611907028220099,13.978853046252231,54.61989917624447,Degrading
47.22725221543022,11.027476701638715,11.54696115017305,71.88333426968973,Degrading
49.30495044255136,11.97654706730415,14.363362872490686,50.36358451398584,Degrading
50.36870843010733,14.009956049532686,16.839688932405984,63.14517304075925,Degrading
49.3953264772378,12.516261425208313,12.888610176770689,72.35201382647708,Degrading
49.87458119729399,14.67693235705244,10.58008935409005,42.62977641838727,Degrading
44.22621281225264,10.745172400992768,10.579459456630456,80.16438989412967,Degrading
46.14947809965619,10.171224421491448,14.397817993080835,58.17243322521701,Degrading
49.40265905171401,16.470297381458437,12.8924568778712,63.269858439459256,Degrading
49.33892811991025,15.626840232922582,14.578295612915296,67.14304302964709,Degrading
47.735242900559996,12.111265695355147,12.03945835151317,68.53516150503998,Degrading
49.29194565569425,13.99460064175303,14.495122385571698,64.46495544433714,Degrading
50.24405942165682,15.835112708362383,12.715061487790495,70.97646125335731,Degrading
53.557653826098104,14.75456109492309,11.681492700416891,66.67163641629631,Degrading
49.603153059095796,14.26680157313026,12.278202738155708,77.84793026029074,Degrading
51.59641282119301,15.971277346362674,10.845302160238175,66.70094788569138,Degrading
47.83359879426432,12.684717544637802,16.5808472054469,79.68171967894779,Degrading
52.288382894393926,14.056121207596332,12.826512735594724,70.1097095621389,Degrading
51.50292119044943,13.967872451073696,14.160125359627953,45.74824886808564,Degrading
53.463268012719276,13.509028314192124,12.033635560832561,85.49992410549058,Degrading
52.85384184977795,13.298350079442645,11.10652992043632,56.830903023705034,Degrading
52.35494249152458,14.131162828091284,12.579015080347716,75.45989613681562,Degrading
49.606330365368876,14.06193349277395,14.982146560082558,62.241140988074946,Degrading
50.979756908177876,12.112830243437854,12.06268277548309,71.54981231842322,Degrading
54.254035713806104,15.443232637820806,11.433042449087052,55.803689802207856,Degrading
47.391701722388824,12.242506626020734,13.279835639864459,67.63170088780629,Degrading
47.486368885212535,13.607179799815087,13.89824068129194,59.721285091450355,Degrading
50.72572559180145,13.468495149103907,15.95712670393573,76.211028004309,Degrading
51.661118761061815,14.644586502786588,13.63675086107049,65.94801350675309,Degrading
46.70357400294398,10.185612907608801,14.159186821356222,70.4234837717141,Degrading
49.700949746346765,15.603637666873025,14.29469542645658,42.52330815674237,Degrading
49.62400490308486,12.781417374298105,10.924572312521265,61.22984588190237,Degrading
41.13887953758612,16.1959339305987,11.26600227315482,65.69496471552466,Degrading
49.12162404296496,13.139303135870922,11.048986678709829,64.01253415795736,Degrading
49.370728668606134,13.912081545678781,10.602137639755037,70.65041492346066,Degrading
49.35882822870792,17.444814872123164,14.431827774766727,58.70686179376291,Degrading
55.66365709830907,13.500791224171397,13.52209016499476,62.43908394531167,Degrading
45.1368068059645,16.229929792412225,13.14309291356461,72.63104087973493,Degrading
46.70150971518155,14.070281154016207,8.333110272275917,41.49179896899179,Degrading
39.551216806722664,14.747753894528282,16.699858345513512,67.30415451474506,Degrading
48.07633333530344,14.125925460940474,11.390310392523599,58.99503656605802,Degrading
48.41742578349599,15.526132927340223,16.693262960690124,53.789136879017406,Degrading
47.96009129466297,12.766043096864507,10.391365334827631,65.02889801848382,Degrading
54.430709357935044,12.228712658565467,11.537677914598234,73.0470616712779,Degrading
53.44247008934785,12.85056285732136,9.034871111482666,71.35229448335762,Degrading
50.31142689706922,14.179478677383363,13.651824956696856,60.783982721840346,Degrading
48.51754778584055,13.602526186009406,11.017737722539781,69.88166867384854,Degrading
54.10475867242746,15.278494777648117,11.068599722622963,69.8126110860126,Degrading
49.9209685606566,16.348517059678734,10.529474409086085,61.213658565561495,Degrading
46.72691984432617,12.243490992976984,14.399239112928154,55.76227503210613,Degrading
43.13500529006179,12.678892175094921,14.280634572821585,56.28289371989903,Degrading
48.23474202441727,11.414769047036863,16.261661003941814,69.54068013981323,Degrading
53.01857446869043,17.654671383366388,11.765728082068648,61.62067867658578,Degrading
59.10615475817236,14.548405098419288,13.393874867884241,52.584360022424704,Degrading
50.2464413847579,14.86364417609284,10.679196644676487,46.83623448041787,Degrading
46.93857793951878,11.587624906944113,12.396929759076427,69.48648306886741,Degrading
45.26013916686314,13.997894019787626,12.06607843609388,57.07899419962199,Degrading
52.207819585222396,14.916646371943553,13.836009923491758,64.97348980090383,Degrading
42.94153579046293,13.545036157038036,14.830639251552745,73.15736216362211,Degrading
52.20138040561955,15.93627012468751,14.7839200434967,50.21967970831864,Degrading
53.27084642505165,18.161296026157093,11.4829379100083,61.59376357538439,Degrading
51.745117812931454,12.295286911230887,14.7972422283214,60.463752684030176,Degrading
49.12135331224577,12.160242957241946,12.920646753205965,65.41768588065165,Degrading
52.25976261418726,12.420039082048563,12.415725587385372,73.15243998578391,Degrading
50.6837534845132,16.89115848802968,11.724679323725947,50.03493366803833,Degrading
46.887504632557636,15.876239570653432,11.992115570149206,67.1281815383519,Degrading
57.4016492895001,13.756049927971432,16.13616492315322,71.28371397494331,Degrading
48.593282481557935,14.065807395921574,13.553339379689243,60.32260642438896,Degrading
53.10300920179964,12.530221472845902,13.31430132550217,60.76297706396189,Degrading
40.325542869217145,15.602048883937732,12.527955654633496,65.7660443208643,Degrading
55.105883531123716,13.316176716604604,17.40276150058845,65.10335370100809,Degrading
55.87505497861833,13.531862228981002,15.349018879923564,67.2411734663041,Degrading
50.11933514850655,15.095821588752662,11.702088193362172,67.05152473761095,Degrading
52.23508413895103,13.661609111450202,12.507492901531677,53.16224924945914,Degrading
52.23406072643025,13.577061211703876,12.61435982193236,70.91239847934449,Degrading
47.428865721437106,14.019035369952336,13.262569560908679,72.50104845971214,Degrading
52.18848922175736,15.431639744827539,11.737793213263416,63.674746043212686,Degrading
46.765478120509776,16.9636875358709,13.789869742051055,48.552602241052995,Degrading
47.56497230541869,15.053875218042947,15.613758637670767,60.96728864599918,Degrading
54.50777257284919,15.44596560252368,10.635469403792506,63.749652892465114,Degrading
53.89863076280081,13.640262688217977,10.969335873234279,51.69859785991865,Degrading
47.17449799153683,12.72596384629631,12.130314600464848,58.75875742780688,Degrading
47.06569462599584,15.177175218023207,12.213767991805906,49.315675511973126,Degrading
47.41761359016931,14.308233484281029,16.597238574542676,67.465630024878,Degrading
52.93055826586196,11.43926843225045,14.80307659602671,63.49359783411846,Degrading
46.00006087675841,13.409474677833924,14.699780233812875,47.1879515166718,Degrading
51.42685055614381,13.850785357733203,12.524141751675879,65.16318375423782,Degrading
52.98738724253718,13.081175839348738,12.484635867783734,61.491419473487376,Degrading
49.6470181988276,16.66712407017583,10.386930255222282,66.64772854478964,Degrading
54.04025478745971,14.86371026642399,14.40713241048607,58.47620809620115,Degrading
48.78275932204083,16.471714852199568,13.883898288655814,54.78668539331278,Degrading
49.14457759602434,14.474165470973887,15.314795256420911,55.06239836187974,Degrading
46.091015075472576,14.14649810556514,12.6205065159589,57.15646805106436,Degrading
54.06870939048082,12.314123928301552,12.744797536839286,62.16942586922942,Degrading
46.93391821208452,14.02147315975382,13.306081951409144,63.33162618882313,Degrading
51.399087270860235,14.023497066215793,14.605415635912772,60.283521099727075,Degrading
49.71473573149626,11.53919500873838,10.353611880224538,58.19012405903133,Degrading
45.78886774755335,13.028850554413289,14.324901040729074,58.837370587950666,Degrading
47.56358742470672,13.418091322670548,12.963107988088906,84.5695230695624,Degrading
55.53148895616294,14.7442631793003,11.094452917683347,55.06347363651612,Degrading
50.80663017053792,14.830430201574272,9.247709645222681,56.978251923084265,Degrading
45.96339863453263,12.95362673246263,12.754347318618963,91.64468697531333,Degrading
51.22131314939477,14.843965284575393,15.605883369893327,65.78911972214497,Degrading
49.41554387362182,13.67225792717267,16.01443240013451,49.58017400686674,Degrading
63.816185608976724,8.834683955261077,13.639677179206174,69.58418483579537,Degrading
51.14049536536909,13.127536342487224,16.531610194916045,53.80964999718967,Degrading
48.47750061173454,15.942179552256281,12.92270605067786,70.18155357024588,Degrading
55.68011167114842,10.972749638070177,14.715946392957006,60.101339485663864,Degrading
42.63585533082862,14.202844160747972,12.18778439996843,58.04183735459533,Degrading
50.37728062552439,16.853470185533517,12.073722089288532,76.48248471944825,Degrading
57.97771397872429,12.630896684581135,11.780483589614855,67.0976121739332,Degrading
49.535202862560986,14.003868344769835,9.291047895176238,70.75690493704286,Degrading
43.06679582140769,11.65277073698974,15.31676606790444,65.91427711567951,Degrading
48.41632814235761,16.92901605499443,11.845061609551571,57.99999928586212,Degrading
55.81807216383615,13.850001271406095,11.557410196440646,67.50218978232387,Degrading
51.50427838528309,14.083928317029233,10.876050973097184,72.88293853416015,Degrading
46.64457556194993,16.43774083791012,12.63215301423469,63.21264239165798,Degrading
47.2590287712839,15.190661110361866,16.174286159007536,78.21478343911855,Degrading
47.76119891540075,12.423868281505868,16.76880193148089,69.65438482881717,Degrading
51.44479153621599,12.834899736642832,10.01043962355625,63.90784294794451,Degrading
55.352784531754615,14.890876348141937,12.361993607242692,64.26337877916036,Degrading
54.20969205119668,12.876582100886708,11.138156013831342,63.235134160708625,Degrading
51.824048728436516,10.188962038183051,14.779007934180736,50.738850929645075,Degrading
44.67342095977007,13.90416656244966,13.515868385129068,61.18935023772256,Degrading
44.68826994402623,11.335617209975343,11.854175210716297,63.990678368070505,Degrading
52.13300808485506,16.909307156414705,13.130631545063833,58.25523390860124,Degrading
44.618115608268425,14.318217747973675,12.140646481466124,65.03909316834225,Degrading
49.09773191572558,12.370684897861564,15.905642969874814,62.191767413196,Degrading
51.21660178474471,12.742461653607583,13.98452712702887,68.96322701988892,Degrading
45.449624018549244,10.599084341826943,14.205682157649589,67.96801142959158,Degrading
45.90295066256455,12.020968603795094,8.199548539540785,63.50437958826357,Degrading
49.623515741728724,15.82938176457326,12.87978037810814,49.695083978282014,Degrading
52.01460115009621,18.017215061886304,16.74977972630626,78.11650464813053,Degrading
54.24607508165503,15.307513723758126,15.387032326066032,60.72298101285971,Degrading
52.42821373908221,13.834323430482147,9.675238745343455,61.27202191674382,Degrading
50.294626379968776,13.222473123822951,12.435833501169531,58.91731236170551,Degrading
47.015220985771805,12.278307535562547,10.837264961346301,57.60429509541017,Degrading
45.716372016621925,17.70757861881153,16.079982808653167,75.89652243200472,Degrading
47.95649164668341,13.660252336644126,13.439700908096635,74.47439888347472,Degrading
51.63974233992227,17.808133694112506,11.617967992483415,65.99954063219904,Degrading
51.34649482650937,16.50833511729811,13.06148429837342,61.03249861012347,Degrading
41.60039205709951,10.866566423576707,8.306742047676728,67.57206186512377,Degrading
46.857291886929985,12.801285687633275,11.047069653778163,62.664172835924354,Degrading
54.81803020642462,12.79571877648712,13.065598706487357,60.28799373509211,Degrading
50.316860191216556,13.856276544609669,14.522215663215981,65.04295329355698,Degrading
44.331964347588055,13.891434344395243,9.505634582924786,58.02958027749099,Degrading
59.42328472639261,19.39323037171666,12.313920446135628,64.27037837603089,Degrading
49.88423307074094,12.060989825945434,14.81743432933388,63.83798833059472,Degrading
51.53733583725363,14.412145884195901,10.38738401612811,67.42642419132132,Degrading
51.59809902418054,15.109713936442045,13.412529102611511,56.42776738271952,Degrading
48.52961813535926,13.997170391955446,13.118754105590806,68.39122717588887,Degrading
47.089705272714426,14.198325040006445,16.085884576641885,53.84319656344545,Degrading
58.48669994026376,12.119343990248144,12.585754852399052,56.84690013540885,Degrading
54.012823478471006,14.191675150284826,12.691118922924874,57.2396744676883,Degrading
53.287748804434706,14.92051819311387,14.53892755569644,52.35153404863689,Degrading
52.30515676687284,14.589681051688032,10.61257239751118,71.14096055047096,Degrading
45.98673043855326,15.026361627041764,12.602410228208454,53.278527714291826,Degrading
55.110120766961096,16.54269422114522,12.179694980487081,55.70975296333995,Degrading
46.627469367953005,15.686539775445816,12.74995873713082,73.29866939437977,Degrading
51.133147192602586,14.128330304295387,14.527131608133109,56.86475568331714,Degrading
43.442440378141725,11.8908349666101,13.997490673147912,60.30671583375713,Degrading
41.83656459740992,12.919990505519985,11.652371844648382,52.891738991751176,Degrading
51.27316481061246,13.604663926548652,13.246058565988982,69.49656086860416,Degrading
46.76360293122037,14.454222496414605,15.682794905380943,69.62062619771959,Degrading
42.04332971481091,13.139001029301088,11.50354174216485,68.65051313711102,Degrading
52.1624380117883,12.315680241468167,13.261300204714622,66.8377684537455,Degrading
58.48032308420316,11.861242359583393,12.652310781510469,62.66230199917529,Degrading
55.55824103432025,11.027880033700043,12.886590971493801,57.28060999755814,Degrading
48.97072845893731,13.577088733205777,10.064816279951078,54.66527624000581,Degrading
50.035381226787784,11.354602204273451,15.539373137761968,73.60914974085503,Degrading
53.55082502713565,12.199053768516695,11.60616657840127,68.8832384455393,Degrading
54.48851207933963,13.290976628880255,14.846929546276359,55.760261955196185,Degrading
48.625857124697205,11.595348843095419,11.88152210551448,62.35848591400821,Degrading
50.1367108628983,14.683553939297655,11.874091626587632,59.29896416313488,Degrading
51.20245922705814,15.332401514490236,15.18362185083784,51.846103648648246,Degrading
52.21550528111533,13.011031364404282,14.788992286260264,63.59886238959172,Degrading
49.46769423195493,13.213350846301998,13.37559861813517,58.26056602184724,Degrading
49.519659019725026,14.96737358625034,14.370070989651376,53.42717000333883,Degrading
55.51932931901755,12.714808824977577,12.48060499553848,48.68780701272414,Degrading
54.83808280977154,12.591078959124868,12.984938270105998,47.92576849814896,Degrading
51.909642293744355,16.153697260735324,11.809076093565125,58.657164850748245,Degrading
56.87643628009172,15.591537929683017,14.627316908740468,61.23414526617576,Degrading
48.45421695109433,15.082790004219055,11.751856003898766,54.122292708539156,Degrading
56.49189379451752,15.666160318509368,15.673281420888134,67.85665484891504,Degrading
52.170061774142205,10.440898294338746,12.431498497024316,61.41008112395334,Degrading
63.08410448885836,16.436903984227595,13.036915415229402,67.19196779538785,Degrading
45.23007229287009,14.705711809850737,14.365710437177801,60.35380288831063,Degrading
47.242618991130634,15.819406491210323,13.042955958141247,54.91594128313605,Degrading
51.67519131280219,14.696891202409454,12.46376503428644,63.027058140247526,Degrading
51.588936211915964,14.088064684424282,12.945957793944752,50.6359293918351,Degrading
57.80055593670007,13.504443417748302,14.60887303640365,66.85494668572983,Degrading
47.32650126680186,14.66085987839517,11.80686600015393,53.5656571413818,Degrading
53.61967407477554,13.438853763971807,12.772773386908124,70.26409273880104,Degrading
54.649852018727984,15.562176980117203,13.018516109207456,58.95389828382277,Degrading
52.81859132888259,11.144378039806039,14.556253351949781,71.56280164678925,Degrading
46.15601463230272,13.0251634487703,12.820278327031414,51.89639130270516,Degrading
55.631035221016795,17.680681847257965,16.2549383700887,55.90007269344062,Degrading
54.91729972526166,12.873055165569694,12.71823056011283,65.42841452163714,Degrading
52.39833807916151,13.57036929848574,12.572169450870495,72.5344738408408,Degrading
50.81739074883582,12.411354319969863,12.692142181088084,76.9994801748343,Degrading
50.90443204017748,14.604522211194483,10.630045428415581,62.372295473127856,Degrading
49.68505683104249,12.674723197744049,11.133891675834366,78.5397106770808,Degrading
52.56314053701057,13.66590031734731,12.044799598469632,59.39301905157112,Degrading
50.124539411779914,15.527959764863127,15.044493727930234,71.88890860126675,Degrading
46.60590009858944,12.742225846133332,12.940373093148382,53.52037102736625,Degrading
45.80563342068963,15.419500014677398,12.127640458691728,65.78180456176929,Degrading
46.99185498539083,15.480012768008642,15.20776254209187,40.92476263229199,Degrading
50.888528970197804,15.898920970494729,15.792118839206069,51.90568089512189,Degrading
49.892176654259174,14.252973790852472,15.259688429633968,66.20009118272688,Degrading
50.861375173155,19.834266338558216,11.464438004976717,50.18805033019529,Degrading
52.00325253418444,15.898160653775747,12.108552483651419,65.84254649710266,Degrading
47.49071629633249,14.584779723932288,16.264724926566494,70.15812308731127,Degrading
55.86264067338139,12.423336054652877,13.43405144560004,57.4881182655355,Degrading
48.9291566918101,13.825293573426546,12.518271283187058,53.27942339893222,Degrading
48.266292060873965,16.56738855842006,14.293026330395508,57.73232045730735,Degrading
51.92954494932981,17.077162308127285,14.813138321244603,53.30768912734233,Degrading
42.653959190499705,16.66099238079241,11.971390772329125,61.08907797785674,Degrading
46.83786220110832,15.413346152113315,13.394991925515876,62.918815623992735,Degrading
53.924291194767335,11.73981162866797,14.667808124590705,59.245908892128725,Degrading
43.05031228375156,14.876891272086207,10.911483137272263,77.0692331616814,Degrading
54.47029678773262,11.765475719504604,13.022221823367051,55.52536562281722,Degrading
56.04454626543654,11.322551851914636,10.994098624508712,74.52289861329781,Degrading
48.52217864870501,14.43048563223903,11.229555105531741,52.62884687319098,Degrading
51.16725106970524,14.94175900508555,11.986419860535452,62.65499812947394,Degrading
54.476348339404105,15.626078777265448,13.858815168183046,72.64794867693263,Degrading
48.132843247825924,14.89484523269497,12.420359268451358,72.18221437027987,Degrading
53.47110208210473,14.956854774336946,11.832847375056868,58.217678920697885,Degrading
47.315404819477315,12.227625347013722,13.092798213984926,66.9956274806421,Degrading
48.08959082666728,13.8110419675676,10.935467089120426,65.79061175297804,Degrading
46.802654142700106,11.287189785857922,13.771845792101038,57.14054739266534,Degrading
51.37058879677922,10.393935567079648,15.036496171524957,67.54354943433268,Degrading
54.6318762102622,15.333156877717533,12.85743272622158,78.76242954847135,Degrading
49.26354827153134,12.644376091176275,12.635231812059626,66.24530598556368,Degrading
44.91500336035039,15.570497303857497,13.672192635788026,67.09720741163603,Degrading
45.669172710852735,15.99502564018407,9.34875504610322,68.04939480380636,Degrading
51.57839768548216,12.885228815678245,13.966271421876161,48.85121053380374,Degrading
57.37646565357708,15.062559970199539,18.583394446740755,66.1420220588566,Degrading
51.57489999725759,12.809917888495445,12.779182801993503,52.84916382645325,Degrading
48.45241379739499,10.677418025671717,12.785574939310605,56.6910175337198,Degrading
53.06473586740114,14.221956927996425,14.33849260017943,81.45747603069653,Degrading
49.04200545765301,13.15242701651163,15.961598802756331,59.72064551307071,Degrading
48.48685913054317,13.207839780943162,14.754942119981443,55.33843306135196,Degrading
46.166163577218946,17.555617612121946,9.11990761854961,72.37324321011253,Degrading
55.633795376985425,11.253457431081191,14.014117907792944,53.47090697441861,Degrading
39.84316833001735,14.689168043668648,17.629474261435014,57.9732277022929,Degrading
53.19143680111708,12.209346973139446,14.120393884167036,73.2414695118755,Degrading
48.14502024880985,15.634870536681184,10.921716556110852,62.384908087771635,Degrading
48.35863707419355,14.537176225115118,13.507293323953505,47.945626593861235,Degrading
56.76926062447125,14.682819828525105,10.69476294758608,66.89590652890357,Degrading
47.14347563119979,12.299198688315933,15.219046640683947,58.431807061581424,Degrading
47.279723383886356,12.621941756081018,11.279411341549734,75.8586633787722,Degrading
49.47842304432188,15.669050913222595,13.133638542445642,56.5443174712928,Degrading
51.65538954324895,17.187435899109612,11.455995996414675,71.46103376353334,Degrading
48.232576870828524,14.864554071003537,12.016393496413617,77.98128229129142,Degrading
43.704564277856456,12.384642702611421,15.67507116254889,54.34151098569586,Degrading
46.53720727647294,14.610089340431722,13.186222896808655,60.261082813176266,Degrading
55.125335425858076,18.369449679807698,11.993435547293704,65.49762746730005,Degrading
50.29910715654204,14.18436105929404,10.938589652403898,54.28388822701243,Degrading
51.80434913481529,16.63131354690848,9.630937324481014,64.43265452037048,Degrading
48.95431517130785,12.667407141490319,10.747694859659164,59.975717412446066,Degrading
47.36200921530692,13.924245107054503,13.20152663459988,59.79439185565971,Degrading
56.71027779950165,15.115217371025977,14.764420783700794,62.440445534373005,Degrading
49.24723257179568,14.715190954873155,11.991367313640039,62.641382440207074,Degrading
48.22652048189149,12.62050037579991,15.826978481294226,63.474926921684364,Degrading
54.38456946542136,12.54286857716492,11.708499239989191,56.61056289088894,Degrading
47.11055856453046,15.778911925584785,12.571578898816217,57.00345448085222,Degrading
47.621090624904014,16.14479146277026,11.056761903392946,60.932711700576526,Degrading
50.040986736067595,16.721858404619457,14.78337112222214,61.597181228877844,Degrading
50.00108041635272,17.24707486985516,16.77551910528022,58.05035594048045,Degrading
51.03844539161286,14.242314985380673,9.828729470314844,64.91545677877417,Degrading
58.36667635758195,13.439841360383133,12.376908276457543,45.66714426192323,Degrading
51.34499298540948,16.431783689801243,15.276603724690062,55.42580366981944,Degrading
40.487784148996795,15.283524707332855,10.395498061433917,59.48064956417431,Degrading
51.30519577372625,12.231580534398336,14.020031032547955,54.294963316724555,Degrading
50.151519977958394,12.13945580206596,15.198649960373627,76.66278213328002,Degrading
50.17380009740583,14.885474362441357,13.140811865842307,62.169756620524566,Degrading
50.98378923758468,13.6809056093288,13.990473527692238,63.59092710403313,Degrading
49.885286849300805,13.952426081466744,16.169624295029692,57.65092362831085,Degrading
49.789551627778444,15.93056005647835,16.507167797382063,61.85798971664335,Degrading
52.452176839083144,15.366266860973065,12.888459016537931,51.062718821275396,Degrading
47.831676811221996,16.393771847153175,12.04171987126138,60.47164667514434,Degrading
46.209254657443296,10.52323500852794,11.344035800067346,53.5669241426382,Degrading
62.09512581048956,14.45611625099816,14.758535470771683,59.50336773719454,Degrading
47.136570224875065,15.250439340314973,10.530803995976257,38.96075090327753,Degrading
50.40057164984031,11.252145457962168,12.545366731615836,51.84797112400827,Degrading
44.01735899649853,12.82118784564205,13.184841587718038,75.175337640629,Degrading
50.46587366020569,12.487126707807946,12.094595477106242,69.47357974196788,Degrading
46.26709779724266,14.039056707907848,13.503676477034423,73.87135402323707,Degrading
48.23010822859996,16.930137143649315,17.616123972926964,74.48949142703832,Degrading
54.180258663084494,17.64066092839682,12.781122537376223,68.05688681748029,Degrading
51.888038273512294,12.534282404468092,12.216269870630699,57.92418183158779,Degrading
52.27363809829927,14.947803050888433,14.827597283887336,52.6647414836094,Degrading
42.915180646432546,15.005836133856167,13.43125055946194,72.32070144904728,Degrading
57.34758067931605,14.697726388726545,15.590804388180477,62.58111176948651,Degrading
45.2324747562325,14.718163342530621,13.296437715675493,84.44620534743716,Degrading
56.11424325717546,14.54673650441239,12.55283822565214,58.71411821590321,Degrading
54.08617546392595,17.037626217451557,9.7892952014298,79.75606269302432,Degrading
52.30933096713872,15.984439725862504,10.084477551138868,60.5888738837382,Degrading
46.580060876366474,12.09172298432312,9.695742357231214,74.0244373753283,Degrading
50.60635937927809,15.432297945584988,13.682810499311632,77.27022563509209,Degrading
48.11631435742056,15.606272074120614,10.547950936238573,52.793450646373586,Degrading
50.11615828602117,14.56694111687322,15.260039258654889,57.635017295382184,Degrading
49.00051096365776,16.036563866904913,13.054443816740717,52.703186968713226,Degrading
41.84555797371037,14.338533261738267,12.560463545616996,50.93049960567599,Degrading
54.48713660393835,14.36084189793725,11.481060864632191,68.00360165472455,Degrading
49.675571373802555,14.218232980418678,14.120065746886372,60.23034466775881,Degrading
48.06079840199105,10.367160645560595,11.551903924823659,62.471296908711224,Degrading
47.75869106868093,13.855282890969427,11.226319592674214,67.00615221475952,Degrading
51.43383830546707,12.797148965981773,15.139029857089628,45.28351849656577,Degrading
46.42497464682211,11.864393639253397,13.63831808939504,73.5808940356135,Degrading
40.97929776610383,16.581232912531142,12.57712702915311,58.85815252994074,Degrading
51.628519212833105,14.907573533362024,14.15457937252069,66.79161175614071,Degrading
52.076411991827285,13.946304054299814,13.016077371599257,67.58641555305692,Degrading
49.20147270128947,12.983353968015633,13.689423670813031,74.33716904687456,Degrading
45.40838849923996,14.533105252331733,11.52967377572418,61.0562835099527,Degrading
50.35574216355714,15.784584967971524,16.72671749603912,42.88726286861362,Degrading
44.14187052674565,12.511461481615507,11.956684058182795,62.51414852108205,Degrading
45.891077613249365,13.991308929902102,15.800829388509959,63.80636172345441,Degrading
46.99720825398335,15.56251969793211,12.660036071251943,52.691652267738945,Degrading
53.375756283566226,10.515197967648566,14.452774808178932,63.32741588989645,Degrading
48.54955619825233,13.896374427670272,14.321602298247045,58.750834087463375,Degrading
48.208534352894155,13.227275533014431,15.064333159270083,49.915214456457406,Degrading
57.81877006164498,13.759106256040939,11.486877327104539,68.04336405508356,Degrading
51.40984998875486,13.097068598530575,14.936143722301951,56.926473641919834,Degrading
51.355978041899306,14.247724289373132,16.323591731640594,58.34258706736638,Degrading
48.5211970191649,17.46252899676089,12.534352637364657,57.83679037441624,Degrading
47.61451332945289,13.416939546928608,13.062470920855821,73.11930737717732,Degrading
41.254374239931394,14.525079816369391,12.057796043535722,61.63175454403947,Degrading
53.87496212769423,17.590543553136403,12.37641474606682,62.711898384912395,Degrading
51.79323882302552,13.0099719589294,16.080561038078482,58.034274610522424,Degrading
49.28333602714635,17.266415628072146,11.192377852965633,66.16580140029414,Degrading
49.45109319265498,14.009581411928792,11.30418612066861,74.14386243605604,Degrading
52.94457704904422,17.20741320655687,15.899621685545878,67.83074735737856,Degrading
43.78115970768059,15.350362024903374,14.124187166599052,68.1818026520137,Degrading
47.64047467378478,14.552795052648358,16.816666448276543,67.45607185295911,Degrading
45.454788548429875,13.881864772604144,12.189210451913464,49.57781621019953,Degrading
57.08603712994699,12.876725408217421,13.227306047027625,54.11493051470775,Degrading
53.502622127413204,14.136424789935836,11.810781501210752,60.15511345760786,Degrading
41.18922943545854,15.615250626236044,13.257942103565853,55.46722361756097,Degrading
43.944953493440096,13.976399424205994,9.806625944888253,52.41916677719602,Degrading
49.470617306570055,13.430078950888657,14.232918201979015,45.15041833216483,Degrading
48.1102391517103,13.548591438480008,13.582253350286209,49.88123708179273,Degrading
44.702471167692444,15.786457904449495,12.896401607561346,59.6912699839166,Degrading
57.77904895060196,16.205290619179742,12.297344215720603,61.37516269863004,Degrading
51.25015965593032,12.799129075216934,11.38944282273742,54.86251601482482,Degrading
51.899265291452366,12.79654185659452,14.30988324165897,62.710326914149036,Degrading
47.23194020307115,14.682846055400802,10.892038025733868,58.095497231824616,Degrading
52.88909658871201,16.749557716563057,13.921412641688638,71.81516228636464,Degrading
48.47826895607195,16.06278255496261,16.734012510657024,60.54536812377646,Degrading
48.86662730517,11.746666018076159,15.673938679559736,68.26697793261543,Degrading
52.44400783930104,13.524663254014648,10.290769703192824,63.82892386065223,Degrading
43.484009739758804,12.324913601558878,12.033871491382055,49.38136064680351,Degrading
56.38811143940393,13.518477460552536,13.758611332999608,61.18407641836542,Degrading
50.729556858895506,16.887937992863638,12.87349254037417,50.87938310604185,Degrading
55.123776835121696,11.439318832190569,10.481069707091642,61.02691245604771,Degrading
45.69832097352473,11.086042472095658,13.693568712652285,55.2938226449238,Degrading
46.30733950388723,12.508602523819516,12.981969588790662,65.43766730136328,Degrading
45.352399113600754,14.517159084636788,16.445785735486808,49.91881096280419,Degrading
51.00119069065936,15.117358677153362,12.544188335288595,62.13231642751494,Degrading
50.263933207672984,14.78740718275076,15.102406093587863,67.15174024306874,Degrading
48.14235272307528,16.116233725815828,10.719240874366044,70.16836012378096,Degrading
45.94372322845888,10.826445930378927,11.149583263786285,55.122490179041996,Degrading
44.93361492107663,16.139005769046086,14.298991527657082,62.15975874986458,Degrading
49.80606439811738,13.438228423916675,14.950715405093273,63.65732275620416,Degrading
48.1376528816456,15.316689757648762,11.276693093066093,75.92413651588491,Degrading
47.25757203056695,11.617834231826233,13.04333933167104,48.668029453248764,Degrading
56.18835794452644,14.008922054616326,10.51315748764766,53.80007709436056,Degrading
49.67069728722907,14.425287387060225,12.673804312650137,87.24016243462472,Degrading
55.0801717357077,16.080351867497154,14.506461014123428,59.54212444439623,Degrading
47.866991269269214,11.146541679306022,12.217074701554939,44.98105571087053,Degrading
50.97910513519463,14.055354587362828,12.551737529301155,56.75704870986651,Degrading
49.77809593497466,12.046576475944143,10.966368283067107,37.08014100682074,Degrading
43.20951076192751,14.909892879574896,11.832954855475133,64.16828641210537,Degrading
55.71335322505565,15.398989765621028,16.16459964918581,69.28806284250396,Degrading
49.459385571870335,16.316906436514557,13.13126480509084,53.79503861448122,Degrading
52.985672878531844,13.036946982244926,11.195846020028924,57.76348469973644,Degrading
46.99188511015376,15.669007674239822,12.433410490147615,70.31288739832021,Degrading
49.340622473680945,16.449622857458696,10.124630281900188,46.24806081638537,Degrading
46.53259056030658,11.04215545426016,11.174512554147618,50.10585909020409,Degrading
54.943993931053576,15.102220856177212,15.448611530283616,59.946963364559245,Degrading
51.2456373898027,15.72532025680419,12.74353163610411,55.22898646279863,Degrading
51.46821410672355,13.534292504502613,16.403314316982172,59.35519792273771,Degrading
55.432736588419914,11.820607560454805,12.8283738907071,50.6262471253413,Degrading
54.62536518759609,15.697320360997393,12.935238346855307,63.928821373293566,Degrading
53.061370144545144,11.840884110396038,14.153609485375823,60.6569022333801,Degrading
44.31309061185015,13.678967417880376,8.189342352005077,66.94271444809729,Degrading
47.21728352193327,13.927776695954007,13.368890782576434,63.80359550432263,Degrading
45.98444745595459,15.287968493067199,12.911824321490286,63.86021065246421,Degrading
52.9101347745032,12.872063192877441,15.674870008327265,48.98323380922898,Degrading
50.682607767000206,12.76774936010986,14.736422909494511,66.43332396480385,Degrading
44.437950265477625,14.1780478617736,10.95935496601576,59.02220238376002,Degrading
49.24502314795509,15.81150285971555,15.235849513529645,60.50061523115344,Degrading
44.023550657124886,18.117410001175664,12.527833853954208,71.43437938751728,Degrading
49.78737404772096,11.286533840398207,11.371984192667119,55.525079991347944,Degrading
43.37850998405126,14.56761563201584,13.354785851568165,74.160658956131,Degrading
52.11530997353845,12.044236952778274,12.635015159805127,75.00027769435783,Degrading
51.51185050413629,15.833860237772138,15.769237565251343,68.77505993627935,Degrading
57.63179397338752,12.310619814843381,13.613119651284178,53.1744127030932,Degrading
53.39149315798937,12.785633207271816,13.370186057594811,42.323360789357615,Degrading
48.30834297670999,12.939312453684806,14.621164749139792,71.70951422833947,Degrading
53.27228037309794,13.862841910304352,14.967168912566882,63.00246555197972,Degrading
44.40934447621929,14.581755674345674,14.410489169735138,55.29322276260684,Degrading
46.15010958527566,14.870662508495325,15.555034251066918,72.56206109380042,Degrading
51.33257012830044,13.98961841687099,14.095628343244819,54.245970072099716,Degrading
41.36700134900829,11.606196159606954,13.301772636508064,58.182602675921515,Degrading
49.85135686026447,15.310015070558341,15.230509711758453,66.72401327885295,Degrading
45.91894683152632,13.90467440540655,12.83638694785215,51.9775745154661,Degrading
50.405228220613054,16.091122622026457,13.059843729420392,61.014671813536395,Degrading
45.68905456781095,12.726070196936114,16.098838451134448,71.80223465522025,Degrading
51.696992549820756,11.11590549076821,15.919463430319416,63.89999669259017,Degrading
50.07730969466956,13.938753195170465,12.98528354753802,73.22683703141313,Degrading
55.60146366752532,16.332714838911677,12.18360716084989,72.20242122205399,Degrading
50.026938136406486,14.289695845908891,15.633712300375297,62.06964500979458,Degrading
46.925428780154135,13.640594361488859,14.440753044247385,40.9693276127835,Degrading
49.012456576690866,12.43337536821662,13.568046257555253,52.04804934306224,Degrading
44.623054411933076,17.16397964002548,12.4206291216581,68.8700070114604,Degrading
51.62454901882176,12.146715329207398,13.59705384168627,48.04773721743241,Degrading
52.35940098526109,12.694290336269168,12.960924772202135,59.059766702717454,Degrading
59.87678414677127,15.02606155295124,11.804191276768607,65.04632552320129,Degrading
47.51265603758238,10.65916275820378,13.232276191457023,75.2261362618536,Degrading
48.92882170529927,16.294263197686412,13.477763282151294,56.824822731910274,Degrading
47.696965902247136,15.12354760559124,12.324288879543584,56.20861061825184,Degrading
50.8484548045249,15.618615929259997,14.626886239497132,61.527988101540494,Degrading
51.52676213791845,15.004610621509377,15.31989830615978,65.15821672829092,Degrading
49.786500622285956,13.709977668578533,14.745815848579742,60.61177855343515,Degrading
54.34530366749213,12.086332321720239,12.502752906614809,71.4434151399723,Degrading
47.53208198498089,13.747864205795072,14.36047870753907,54.80770550274375,Degrading
53.94469619156285,12.244574638845258,13.140330515428072,63.08144840041139,Degrading
52.15399141456433,14.87507955813749,10.775657238581287,66.00691439222317,Degrading
49.951880320404214,15.452203694986583,14.210912881295943,58.39790471084729,Degrading
48.740253436971415,16.658255536156773,13.263036953722507,69.5573894290397,Degrading
59.70667103492548,14.669181752995154,17.668386403724753,63.34062687118114,Degrading
46.73196539703168,15.664235641871334,15.623087553901408,69.09961141837047,Degrading
51.19173270787366,13.465139472985744,14.280070282482143,63.746936972439485,Degrading
46.99912371903147,13.13910115158525,13.448506902318723,65.38764114338505,Degrading
57.14248299448522,14.852609403470243,13.294700059104432,56.3084741883558,Degrading
53.547305315196816,13.304348829109564,11.193359073460407,56.32305465327899,Degrading
47.28660048463542,14.484534419889783,9.869822991040161,73.019568319359,Degrading
52.050379973724915,12.089854059196242,11.429393603653184,67.71959400068299,Degrading
51.03078288510622,12.413070171542659,12.914109367293225,52.793313503998384,Degrading
47.93350095210104,15.143736741832923,9.210029299223828,63.627770821893485,Degrading
53.032656868912696,15.596042135730974,12.02022077390905,40.63601551818117,Degrading
51.55722156441764,12.225818895859975,12.554296540376033,56.83453852670525,Degrading
50.86279485554381,15.207105758911558,12.612232203726176,70.64924908957916,Degrading
49.832321155030684,13.041075788536505,11.80889752326134,60.87368970159957,Degrading
51.724217970398605,14.029709317160558,12.38527513411348,63.06121402699428,Degrading
50.91755064596984,16.550499948423166,16.103008890622952,34.8525687813181,Degrading
50.23637333210007,15.453477021241307,14.191861506683086,58.46971743677464,Degrading
47.43593633604975,15.432569578439947,11.99145860158333,65.04445001444492,Degrading
56.77506496304997,17.43582264522254,12.876973980948467,66.18760887858505,Degrading
45.79832022660581,12.733017186110365,12.94903599582592,70.66120140200928,Degrading
51.71054487551898,12.225425045013418,11.617680219267728,60.107680234039144,Degrading
48.71903703079427,12.700179913588537,11.615565608061061,60.50909768638266,Degrading
57.0381890777972,13.541898103868093,14.818943236588083,50.01094313531124,Degrading
46.38606985110464,9.76180889427459,12.244388120469731,60.15930614744122,Degrading
47.05894695295867,13.62662917394574,11.02954650334443,50.64582443841981,Degrading
46.120727746952696,13.019772682589158,12.922347380675003,45.36916892175125,Degrading
51.29386020380244,15.410767581316039,13.212417555632422,52.2333856690048,Degrading
44.50779736172543,14.634354882218073,9.449132396451096,75.57816417023574,Degrading
48.085886020968935,12.918746070015194,12.926656555929053,59.56494918638051,Degrading
41.39053670858286,15.061929521653227,14.562363881826869,63.97889626721029,Degrading
50.96168541651236,15.301873507682785,13.8122128939393,57.378533739217495,Degrading
47.99914056497495,12.616617578375461,17.013631207350947,45.88504082493292,Degrading
44.04777302427259,13.112556340311647,15.251997068161923,70.42501812436737,Degrading
54.34243761189624,9.994346263223632,15.608081244551537,42.4502167412997,Degrading
44.769332406460244,12.036812046135287,18.04015468464579,57.00686590887507,Degrading
53.18777476011286,12.663554791237559,14.364681271194277,61.50846607234945,Degrading
47.19583670404878,14.133499117890839,13.293526374278862,64.0744067908687,Degrading
56.4062855115817,12.298311177152332,14.752732528176397,55.46177355924017,Degrading
52.99820215570458,13.075786423311603,11.993374419889012,45.45834665250523,Degrading
45.96780851650389,11.79440477315132,13.193835375090945,54.790160368981056,Degrading
46.331669791158774,14.308005017356287,11.834090242459036,55.261178111423035,Degrading
52.42210082089724,14.766286270252834,13.716372203613187,55.04215854360427,Degrading
48.950487477159335,14.72425762715568,11.826563641564324,70.73052731186843,Degrading
49.32262997191454,14.022250037429467,11.763528700248909,51.07757499674772,Degrading
55.088955447088395,11.22606860629749,13.744251927589907,64.70881346994344,Degrading
47.00524450652017,12.884083404992868,12.752119406594979,63.42467333496124,Degrading
50.36517508870182,13.266847989826728,9.530461955709855,70.64409569724504,Degrading
53.81851117460923,13.274068436742875,10.37999754163824,60.80181315436762,Degrading
53.236469953542404,14.134966192381706,10.934920315369366,69.12017870477803,Degrading
49.36154932991731,16.565974470267832,11.410650568994846,60.45001875715312,Degrading
48.84437647658937,15.46177318283228,13.745961993061549,65.9095327392632,Degrading
43.04473814991627,12.22246799627235,13.394089924728945,48.47353021477483,Degrading
45.77502002933922,15.22112517553394,14.91750286905856,38.25549731338002,Degrading
51.27343690629893,15.152544261798326,14.355043281295188,65.39792168209269,Degrading
49.44847124423106,12.549078548687183,14.929425321128784,65.88064813435307,Degrading
50.299708314264905,15.52795866074379,14.09511314462642,66.27952099836695,Degrading
54.157014438536244,13.711322055298526,13.377422756364682,57.27560736720789,Degrading
45.2507075637509,11.462083717974,14.97883313611778,75.40750026989335,Degrading
49.0552787910694,14.819364904346855,14.65494302513218,57.861099658366804,Degrading
50.75484385364487,14.390531282506144,13.676971661597184,65.78791117705133,Degrading
47.183360249701934,13.59018026746551,15.287929367548257,67.35172602503671,Degrading
55.72590845570967,13.932584447030061,8.777581163493885,77.468661437742,Degrading
53.63434720645259,12.705646138000768,12.47716628654719,59.1467334218915,Degrading
51.16053330835502,15.098234906834797,12.449577161826884,56.121263843937626,Degrading
57.17692711731435,13.921788857883934,15.074829179466827,48.51669154026209,Degrading
44.00441888155943,14.29960791910681,15.828510994511385,75.97130305996225,Degrading
49.96909487557727,14.642855463971971,10.389677133621527,65.79269816343687,Degrading
51.46534787573624,11.921745894032615,15.540100913468697,66.07754995304872,Degrading
46.34177981282431,12.390290560612307,10.891398665152716,90.05033817191529,Degrading
51.20285816727091,10.022099972690823,10.94581255799052,64.92540267067669,Degrading
45.57367002484849,15.016536065282732,12.578285735810743,50.27910735409971,Degrading
52.76222927309701,11.818021957255821,12.427228350161348,60.236867825063214,Degrading
54.231339072515624,14.238625477812175,10.194848896509622,53.22695832036212,Degrading
51.089333604513314,14.667778804891196,14.16978035228662,58.43718444875505,Degrading
42.588808739740216,15.084235110006537,14.222924364507884,58.376693575208535,Degrading
46.132825915335864,11.832769555095094,14.897274873094608,56.71678048039655,Degrading
52.258840012852644,13.882709087346756,12.219780406399842,49.460457451801425,Degrading
50.08479457404946,17.00650475741795,12.928751113049593,76.33251470305066,Degrading
39.223989529230046,17.08576642397177,12.945231103175242,64.68963239994554,Degrading
54.97132153547296,15.777181569248512,16.038391794643235,59.970751687697856,Degrading
50.54662602501533,14.607487649873912,7.8983593912602075,68.81874046564168,Degrading
46.72370134399982,12.19080850007832,11.277500171819614,66.23960547364452,Degrading
53.979822390266655,15.293518925703896,13.009973517025236,64.48121659467843,Degrading
47.2898399483724,13.715561788255686,11.045973577152095,68.16498265490144,Degrading
47.24619152958314,15.00895089549112,12.535023356911989,63.20541269382791,Degrading
51.43341060405614,12.86088178126619,12.773064034534164,68.03199311292433,Degrading
57.12415383696918,13.688720396888128,11.816165004173556,68.77801070789998,Degrading
56.49434871189155,14.295465248137564,13.116044066984811,63.464468615295225,Degrading
51.438845995616425,14.443300564688945,14.130668699964064,60.01644955853496,Degrading
51.84954263540128,14.888700886028447,12.574720398944196,75.77358021308518,Degrading
53.1659957283393,12.957449027855182,12.184249478856275,57.6988861420391,Degrading
44.9720652985226,11.582087986201635,12.70162315002303,65.52182240384612,Degrading
52.57659334860793,16.924613071819632,12.986614576037939,65.7251756966516,Degrading
47.06370612742589,18.480657504242046,9.86742478239804,56.51397932962728,Degrading
51.273912267186326,14.805357280164282,13.830797052330302,54.72959853219656,Degrading
49.09012948957065,11.6168142294858,12.18819778699577,58.815331812171344,Degrading
52.00483330845686,12.608248789682822,15.270763134659893,57.57004832141953,Degrading
50.47241386002584,14.916411624291744,14.063896256156454,48.87682494525021,Degrading
37.707878916714805,16.414008101026315,15.106119527595379,56.13654425732652,Degrading
50.71556684682072,11.81679685782466,11.180193171313165,64.39600686171106,Degrading
52.56861180919705,13.776200922471977,12.331504045862632,73.39349225733739,Degrading
51.783713393353814,14.352677715999144,10.763574722576664,66.9895220165627,Degrading
49.58965621516568,15.556241212314575,11.730655823927213,38.60418951466785,Degrading
56.568646767721624,13.381518030079317,15.253789764115465,67.77173343281595,Degrading
51.24549251648664,11.185133555620535,15.67748304026049,56.97663392693854,Degrading
51.750693200772425,15.118155607015224,10.933360069351972,66.07772067218987,Degrading
54.17796757620228,16.024632737308227,12.17510019702889,61.872782667104346,Degrading
51.450371998786395,13.851335368858711,12.862847790356891,60.26581136521855,Degrading
46.40792898634319,14.729432164351577,14.054090155257606,61.07987844834073,Degrading
40.24665034488151,13.145915787031273,9.832341525634313,61.79818122557198,Degrading
48.09151639192768,12.47760896949339,10.11459985324881,74.0996447488122,Degrading
53.043782103524464,15.847566224984995,13.881327058970324,61.82305831623421,Degrading
48.587614674328776,14.69749252606603,9.491730575947736,71.7698251986308,Degrading
53.20471348912692,14.882663478923389,12.195764668950034,70.45915279261092,Degrading
50.59491270368109,16.703807266390303,13.291765255405913,68.00340992825288,Degrading
55.15226428104874,12.101283798226568,13.74819874587961,45.9204306188329,Degrading
48.81913317151736,13.00635271731304,12.744907428021103,72.04969390545446,Degrading
51.87045930627075,14.284280027902453,12.341637905714444,57.87888835277971,Degrading
52.02354025814144,12.984236172029764,14.520227547489663,68.44154552967295,Degrading
56.00640749052477,15.40964576349041,13.513370667458364,53.247204500836276,Degrading
43.17345077466289,13.66268140237283,11.835370080487372,51.3343336102707,Degrading
48.16636690178737,12.21344094650506,13.067901214028028,79.78749863148079,Degrading
53.39406442155401,14.11838901533779,13.689704240781147,53.38715239845697,Degrading
56.18358591911459,14.306609787452219,16.092827034612487,72.31495975146572,Degrading
50.96028605056832,15.682427713213395,14.415382602924844,63.06578289292869,Degrading
48.82918334231405,14.707653625665364,15.186202340717099,58.21891947475846,Degrading
53.028473474697776,14.830063504447704,11.900906686660665,61.59654004102814,Degrading
53.47481070092673,14.576525031213004,12.056470768740995,50.2901495312182,Degrading
48.561353285330775,13.661199461674526,12.576316012936617,61.87621058351692,Degrading
51.32122924871018,12.710805592799723,12.741569236051305,52.255337174936365,Degrading
54.72210904964788,14.519909032986877,11.185555075954797,58.44100585117413,Degrading
57.56183597309781,13.400375421409446,15.278680527802273,70.32769607572618,Degrading
52.97041983694117,17.041680716793827,14.590032947965826,64.28771608901891,Degrading
50.176555586662374,16.415928130591794,12.449779849657286,48.660465510075305,Degrading
49.783699295848365,15.139110438232894,14.155079168224937,69.66339314222483,Degrading
52.229586228774494,14.681240490727374,13.401218493406908,61.93610214281772,Degrading
49.5373086300822,13.84167370823388,14.295690365676474,57.12033258431595,Degrading
50.758561996089554,11.729977283575156,10.580247177653867,68.72008673518037,Degrading
45.7684949418765,13.610889998020461,12.737810068244617,60.49513846720698,Degrading
55.18822878596464,14.182520060129463,12.895530649769569,51.50904794084859,Degrading
45.439261091405285,14.413021654000392,14.122555779300972,78.63028740304644,Degrading
48.27155295818795,14.845165460628486,11.86881231787216,61.84441301398111,Degrading
50.39037304340726,15.658394356179834,8.500124696651687,61.26753315966005,Degrading
57.96394751955455,12.754122670952839,11.052940508170742,58.35405345442469,Degrading
48.30926806059069,12.77046390702378,12.890113625720367,72.6196916551183,Degrading
47.33593674415842,16.611542023537687,13.114991605905997,57.27609342672164,Degrading
47.796732330664824,15.387766860547668,16.030746620724972,48.09518127069556,Degrading
56.63558867044525,13.296612304160021,14.048943593184578,55.89190104293619,Degrading
38.75061202597591,13.807019895885974,13.14675450261668,73.94097140409313,Degrading
45.98904795140565,13.815114895985182,12.941695701793412,69.48918945311405,Degrading
60.92515483663821,14.05683342010649,14.987530087905448,59.70485912606125,Degrading
52.363528293966546,14.850829566029503,11.937801186116612,74.35929627476426,Degrading
45.57606020264312,18.5629869429797,12.747489182066921,68.73148005939694,Degrading
49.832328071300914,14.341561810092774,11.039335383751057,59.60069572728854,Degrading
50.26981826427145,15.19267667076545,15.554030887651548,60.506811304090284,Degrading
53.384500983622424,10.964341928857744,13.706498086602904,64.9638595875089,Degrading
57.35800801129025,13.127180012998098,11.726458067192898,54.513017453025654,Degrading
51.55420672511686,16.21186700488989,12.793980981427046,62.040545589584156,Degrading
47.84084678794816,14.724167704441909,13.917371373771305,64.77662028151961,Degrading
53.148337768392814,6.0995937472432935,12.548705957099905,46.81730385252314,Degrading
47.20698921254856,15.213241764169155,12.037952880917318,60.29611709688892,Degrading
45.866650016043884,17.452695910331784,11.822307365228204,59.272494331708806,Degrading
42.96036451217422,10.407366344984371,13.610131418634007,71.25261217964291,Degrading
43.73948642199839,16.734897816161922,12.355502297420767,45.399527055700695,Degrading
46.41421937550291,9.010479864873329,12.183236077427058,58.5664458226666,Degrading
45.28884092919652,15.688398101096144,10.595088840900269,57.66420817371872,Degrading
51.25294610949887,13.984432473177968,13.139753037748905,70.64063867529441,Degrading
45.20239269670386,9.77005181255969,12.673797810174566,61.60808087571596,Degrading
37.42533479190102,14.803048089031616,12.421032972444463,78.16485181087133,Degrading
45.824352901642136,16.071511548473705,13.357787219479693,67.95992043715748,Degrading
48.11256140911432,14.654996606878832,14.346404072924617,58.30799305229433,Degrading
47.57820204851214,15.052689746707303,14.262817849492844,64.15692826903063,Degrading
56.078098717236735,13.258982997789689,13.994911301619572,58.813380715674874,Degrading
47.5458297628434,10.64949844060216,12.566793498455702,69.73456481441379,Degrading
53.52369385279679,15.245355240206715,11.979402995305765,50.01022058038089,Degrading
49.92406960127655,17.14955705500333,11.120951845619613,54.586736210858,Degrading
49.830781097309604,16.033245537609425,11.932318286791453,66.10120926699429,Degrading
46.65847884460785,10.421823506717576,13.035370171245825,73.0318080385126,Degrading
49.76486939367693,11.27319006702032,11.584684981025532,42.18228263474721,Degrading
46.93961549241033,12.477258064764786,13.172902850411397,74.37024094391374,Degrading
50.68009725701828,11.132644187695742,11.262177979758643,60.738783844147946,Degrading
49.05500146950525,14.07954185520087,10.01021459978736,45.045125342565534,Degrading
46.221488267233596,14.708148449324941,14.474931017556631,34.98444942299595,Degrading
53.96757735880238,11.425544090163738,12.14605372834148,48.23552540772548,Degrading
51.7073619200857,15.39883122669595,11.493339424196996,61.82265629739138,Degrading
48.20774906343101,15.081987099236025,11.03107514566461,61.40691765972004,Degrading
50.58197218814124,13.013313575281334,13.761464754514721,67.6988039123838,Degrading
49.66470991399215,13.689460425228829,15.474833880642342,57.05461540195133,Degrading
46.52963625094691,10.490357883824544,12.27446705018894,52.027635081984464,Degrading
50.28198491608465,13.401928118683266,12.611985925607353,58.28222251105196,Degrading
47.5159529807705,14.013292953434586,14.92893731180033,62.302492582204195,Degrading
46.2202646575196,14.303745671410741,9.741197732155038,64.0769551545975,Degrading
43.5089306789339,14.681978441636312,16.5403635572428,54.89751770654835,Degrading
48.56557058584548,14.43963513781503,17.399380544187466,70.11302030301823,Degrading
52.267882638334896,13.524181344921793,8.12859244704385,56.4074290544837,Degrading
47.22136258648456,14.51515089659777,12.824494187949837,54.17254373907586,Degrading
60.082834768631876,15.803657587958446,11.705895342634786,57.11847641478539,Degrading
53.54274261461093,13.82810346804264,12.523410812371479,71.67356158132347,Degrading
55.21732053064191,14.571670803497017,12.246906874691337,60.80483192353407,Degrading
53.18097204829503,13.664892087204587,14.461166377262845,55.74937847237205,Degrading
57.41145989975429,12.835833950336772,12.797374167457617,70.33496975403689,Degrading
46.85199206610983,14.941183400451688,11.360367014440078,81.28473685953873,Degrading
39.757050457365516,13.00059330049363,12.690066709668777,63.88714370878053,Degrading
48.21549756658847,14.695064421785943,13.926611626532338,73.1045821477889,Degrading
52.23287430219015,14.050859668718083,10.869301610022493,71.3247015551731,Degrading
50.606067886991916,13.452917582263742,10.036779359854036,56.549242235075006,Degrading
51.101890443871135,13.40934290213601,16.586937041503575,62.23970762428609,Degrading
55.28364001067949,13.085382213651764,11.843631976524815,50.45709833266412,Degrading
51.52823029785,11.037557890239775,12.75276462354486,60.15551960274529,Degrading
53.19565171036409,14.689211171291046,12.28396826951397,56.364286677868485,Degrading
46.24174903258896,14.416784285500977,13.986557867347855,58.374026385419285,Degrading
45.61842524313585,15.529406454407289,16.19102186156388,55.25094471757697,Degrading
56.45645569209795,13.043377575847769,14.043880915112712,59.4161287262399,Degrading
50.40360614058827,17.411690525858003,10.266942734428016,66.79009417638423,Degrading
47.50708326621546,13.31647529387066,10.508577831384645,60.92457280604004,Degrading
47.51442202581153,12.424802644049548,12.281863404411551,45.22064122020153,Degrading
47.40350751344697,12.211367144283203,12.517180240840121,55.284914915913625,Degrading
47.16416391581663,10.878939674186608,9.90048771481612,48.325405826975725,Degrading
44.86740878958536,16.75873020630763,14.474813656313993,64.19654203383591,Degrading
43.99831839111796,16.46792130338359,11.044622995813338,66.52985627648769,Degrading
49.219982489382325,15.081341293192564,15.68794281182636,64.30893399668749,Degrading
47.6282965187184,12.387040146003596,16.277138674970296,54.91336046030551,Degrading
54.42863714177318,17.260281826806416,12.55314364126208,64.22168536218095,Degrading
51.17230661306767,13.36690550926102,13.790150752752732,57.76897169808012,Degrading
51.06127072031193,13.515753503792025,10.782495000248437,51.75597095224773,Degrading
47.0275183697822,16.587066344784937,14.122617387662405,68.67736927738038,Degrading
49.5158863368801,15.18603905206557,12.103253637818135,69.36224978351395,Degrading
51.444004414525764,17.96198564975827,11.042976421140963,70.54005932975156,Degrading
52.864782958850704,14.447700068574235,12.479197021144628,56.524862599707895,Degrading
49.624432693926536,13.285344560758295,12.161653584870347,72.61426081423771,Degrading
54.31649511729684,12.898751209772367,12.414713074593243,57.557759738047395,Degrading
50.03195723563177,10.675406881056873,14.709423825069447,67.88151189384662,Degrading
53.17138847407072,13.498527608948832,11.586446333255681,57.40178604409992,Degrading
48.0405911656434,16.060268009889285,16.123041399592978,59.984160526288065,Degrading
42.74964653372543,15.077901510780924,10.614892660914364,40.20939928349729,Degrading
51.07343595207409,14.03655441180873,15.907774491721472,59.28278107024776,Degrading
52.901296252586505,12.209118001130607,11.170280880567951,62.819809701065246,Degrading
52.301389327230275,14.408371432422927,12.998176181434092,58.30955344372545,Degrading
51.68874664574976,15.823064669351671,12.117646995739564,77.80569261276625,Degrading
48.60565213618005,14.775294661645972,12.381288391231863,51.537805232072515,Degrading
46.77301499421763,14.300123305340046,14.442443025439989,56.92776886606467,Degrading
52.20691307617512,12.565476224093828,15.699688235011859,53.85614651012732,Degrading
51.7057896647931,15.560927265401624,15.142944468920156,56.92600718904076,Degrading
47.7564036366247,8.362571326260476,12.271258601784673,71.28271756646635,Degrading
54.437696756768226,14.689122275957262,13.331659400328196,75.30228614894267,Degrading
46.4685379418096,18.62657956570028,11.592259827396948,55.692866501729526,Degrading
47.66590648483584,11.284927902802675,11.21520943736555,55.49293211549117,Degrading
56.54570084936666,13.56553498153754,10.936658369688395,51.585842162654764,Degrading
53.47432775093565,13.985760217775493,12.212368047428567,73.75656847867373,Degrading
48.56796277643591,13.167350934698161,13.449290135826896,72.08903966224672,Degrading
51.1495228385742,15.865473636606163,9.558732712447291,61.04616380010092,Degrading
50.61916897809535,14.850411825839542,12.916563335354622,49.43510723323808,Degrading
39.01754454009048,14.274140670585174,15.728845224189143,50.240036910893735,Degrading
46.37410420210647,15.435090610104705,15.019439924333426,63.53566505346134,Degrading
49.796613531562876,14.030151276329136,11.946668662252002,66.94404126601849,Degrading
48.57355409376277,19.723756079882325,10.485628763290984,43.40469675480966,Degrading
50.98841025932168,14.272424480582133,13.827694551636688,59.108210805159054,Degrading
54.51792925179168,14.351507777281467,8.8286291496265,76.56466300601646,Degrading
48.71385686138429,10.921157510768104,14.99827740858882,60.04241714032743,Degrading
45.76938081550854,13.021789410853836,12.615542575810167,75.40674281711561,Degrading
51.29940663404418,16.065279827239657,16.29634057703932,67.84141516060116,Degrading
48.69350666572878,11.59617766935223,9.891462125962361,52.241483592481785,Degrading
49.37574599671239,10.11639708625648,14.6526632053741,59.36595835983329,Degrading
48.83290512338768,14.058167848137634,12.819084093734443,60.841751853097676,Degrading
58.96735120004394,16.46734011345496,12.404109043350255,53.42739588715844,Degrading
41.03718295600822,14.076286211653025,10.53428176261814,53.27118779470153,Degrading
48.44666438746942,13.394975715272581,14.07234623208109,75.56091732906705,Degrading
49.985243897406434,10.654721712066236,14.217047292598345,53.20375442276344,Degrading
46.875430030868884,14.814057420863948,16.2132300435386,71.70592468767812,Degrading
53.59930332851313,15.190295195989481,14.814490473149066,58.071639694714854,Degrading
53.253030714878555,10.79288150161802,11.930988407879678,61.769246031051445,Degrading
49.80898152604584,16.042158407654995,11.193047349488474,67.05659976414715,Degrading
48.917304978625225,15.378251946605797,10.536715419659703,56.61297194385789,Degrading
49.552172663073414,16.03816869658522,15.651803822151047,67.1111388214508,Degrading
49.58085338540876,15.050345165300016,11.599286288299842,43.58213270406456,Degrading
49.68650788749695,15.176628875860374,15.664413764148353,65.95736649573173,Degrading
49.2480035939328,14.93729761766313,13.94512967355172,39.783228878855276,Degrading
51.009797258369574,15.563250178702152,13.593825186869129,59.95837945971388,Degrading
53.01284825931146,10.726236015576946,12.447637037391463,69.68818686786642,Degrading
45.078959409605694,11.298093019481273,14.189211243404051,67.60065775452539,Degrading
45.797344403067406,12.675185779658412,12.972152626893756,50.31430568934253,Degrading
43.005927882065905,13.766323690989404,12.335416075356141,51.47302043515835,Degrading
53.465589601430395,14.698646461954723,14.25280861596676,55.80195163709629,Degrading
51.001293172761855,14.58442697581193,12.740850203401966,63.67594276122321,Degrading
52.02107006373108,16.010790460620857,11.562997398270111,43.71260128960667,Degrading
44.28200704654613,16.067291537444632,14.079688195829172,61.88098781736298,Degrading
57.13979249152055,12.429706805071174,12.884825819868583,64.80286436420059,Degrading
47.56459636741857,14.429436998090848,13.880038021164047,59.45266537216115,Degrading
50.672823228445026,12.473903214100691,12.183052254962464,66.72788871247747,Degrading
53.41753864271349,13.661155330963581,10.82358165157428,64.01351742493584,Degrading
46.05208097681571,14.579224464287291,16.123133132525695,57.12511166540994,Degrading
47.81470256594933,7.864318262350957,15.783900539374434,44.574295757664586,Degrading
50.7166870984035,18.340239271351432,14.59081293027153,63.200717734137406,Degrading
61.42989230185883,15.019535619315455,12.301940766326307,53.4223217129302,Degrading
51.2044989714081,12.927734104255869,12.459427648310069,56.79491637624609,Degrading
56.42544460252287,17.46926555941441,15.488189402613637,66.31211796166777,Degrading
54.82269258076782,13.37462389312485,12.363105932378657,74.75600045090916,Degrading
51.47204014597808,14.238534894490504,11.861399134574864,61.65745888902192,Degrading
46.04321691347729,13.123191541284271,16.370022416145616,66.98658352801283,Degrading
54.23901444327294,16.97358530739801,12.91418017309503,48.999685929623986,Degrading
44.00755863340781,13.811027528649415,16.183165591324922,64.20971222895531,Degrading
56.40350049470837,14.269071381331116,10.482894560757996,61.46084656090554,Degrading
50.80002123287302,16.166807875445805,13.932732789012103,73.06304822563564,Degrading
39.3991058108073,15.053251023429938,16.727948678589907,57.13587371574119,Degrading
48.63797561987264,13.90217348275867,13.053551340385951,59.825261445538665,Degrading
52.61579128369176,15.998703750243433,12.524791913917968,71.52933020419515,Degrading
49.05190450784093,18.56926981297031,10.898046548322844,61.171695868448154,Degrading
52.8600232439743,14.57133880783896,14.948217497983444,52.02042756841458,Degrading
46.59990332915082,14.21016815817062,11.613769451246762,84.9646994596111,Degrading
44.77607050884957,14.307128750514346,12.829344593098021,52.2926651299694,Degrading
49.71421838780958,16.35877310149673,10.777895896373298,61.417699266054285,Degrading
50.12626266915966,12.92144407694074,15.80241028017538,65.12019340423052,Degrading
48.60646259575071,13.49902839251901,15.078793559306229,64.40855758128004,Degrading
54.90916458656877,11.232602691572046,12.943147451416364,60.29230666394241,Degrading
46.59917049944377,11.869037847248048,10.92253191594353,60.33715666526323,Degrading
51.2526624293294,13.067959995143653,15.764632688636738,59.885613203408404,Degrading
50.2718798846545,13.899313410691239,12.341322891315135,51.95659527267765,Degrading
43.77313619145566,17.184349986386216,11.010631286528467,81.35197292980456,Degrading
44.72387926532595,14.964787048865404,9.828187577549421,60.020081740579606,Degrading
50.04764406499453,12.358258681658372,11.837262762591205,67.37237893540787,Degrading
57.92479999474786,12.689635126344593,10.381651379446108,58.98812428086555,Degrading
52.317079247595245,16.474547629815177,11.878922494258916,58.80712694880065,Degrading
43.09746069942147,16.027898627532547,14.339935720655888,57.901007035973144,Degrading
37.55804773952265,14.050669838403566,12.32427970484458,48.05138790809674,Degrading
52.93221437201752,13.203452362030102,13.640248087804679,60.55440973891307,Degrading
49.6151460682872,16.024879104268358,11.697997612841982,58.336931111125125,Degrading
54.56506387804148,12.212011171895565,13.117304319455616,72.543720582663,Degrading
46.47712831715423,14.705654716503542,16.457621479754838,51.22969894173936,Degrading
51.40084999143411,18.090786183607996,12.372725059551586,56.8056754020063,Degrading
53.384693852111454,14.369640228052624,13.691972987715385,53.91403579921326,Degrading
48.21014544717407,12.603902937329112,10.18205099055681,74.98277354610627,Degrading
48.29565771907574,14.738663664808769,15.736191020350367,54.17532399630796,Degrading
50.10105132439356,13.153984305772374,12.141028067899242,67.06069860253523,Degrading
52.170705386241316,11.490591481243854,14.890960569831702,70.73145326065382,Degrading
49.94266398195236,15.261864848369793,12.778275467633971,60.684893797261324,Degrading
53.89598535103794,16.0121019209895,14.10084285703745,49.608700991535784,Degrading
48.15225924293188,13.440367990269369,14.207822368979802,49.722615271126784,Degrading
44.68641917814756,13.320975786626708,12.18560738887711,69.73787658316472,Degrading
57.90790147245272,12.269182295980707,14.965431584371334,50.65465383080128,Degrading
47.581465053830215,13.73011591915838,11.633827244812421,65.52823949953921,Degrading
47.72623166512901,12.987736910738256,14.400281596049577,63.02914198838537,Degrading
49.73678671571126,12.18014116393414,12.297630470500245,65.39419235879924,Degrading
50.268724438615926,17.40590389471929,13.629204307537709,66.24426327061299,Degrading
48.45326543004687,14.839687070149113,12.16841259576233,53.59696294023888,Degrading
49.93026441220396,15.030311194452834,13.089956754471872,53.22024638886733,Degrading
49.840951074287304,15.590119224078368,11.065551336954819,68.43434420690362,Degrading
50.699277308083225,15.38786519016765,13.44560257243983,56.33589850492043,Degrading
40.570050164050734,13.256402084965913,13.079538102927255,37.248663571953664,Degrading
57.5235052280314,14.490594721348641,12.02772360266955,67.83879768095478,Degrading
49.41084674586177,13.515745128330812,12.900949660497467,52.67364840738109,Degrading
52.322490477787944,14.789234524597989,13.241208057102238,66.20422290114728,Degrading
44.48759463386391,14.615043594724696,11.890557304122797,74.53539664385272,Degrading
48.115998955003,13.311211530444437,12.768234563686596,62.150862115357526,Degrading
47.310736534718345,11.60726229874076,11.190006506389143,70.96189248497178,Degrading
55.87889505803418,14.263226702537914,17.22231947012981,63.38417912482582,Degrading
47.65674557265647,13.632314921946861,14.906413588374733,76.28686395327033,Degrading
53.032319947760364,10.597329954124234,13.491569390136792,52.441036021186044,Degrading
47.39831818930722,14.913791183999692,15.109803269458052,61.92606517625159,Degrading
48.18952424138423,15.737615802036995,9.4373455419692,68.0584544453732,Degrading
49.01779933919725,18.55104165537611,8.396176471898789,60.28629418690959,Degrading
55.1353805073172,13.29584449402281,12.281276088850168,72.36997096987403,Degrading
42.440589363879525,13.030318586211678,10.518584541516203,58.11164414440297,Degrading
44.73734577890227,12.003042145209365,12.574110055993007,80.62434036466,Degrading
42.21077933724073,14.375555431676613,13.370181953070817,81.09977753845021,Degrading
45.6499915209542,14.364172725005039,14.6567460970131,64.5386479660457,Degrading
46.75359979523157,12.539666597383851,10.951124828304616,66.97341062319155,Degrading
43.54207498363844,13.685126212393088,13.71933523508813,72.72504292062175,Degrading
47.063409013541325,10.438401799599157,13.025901447674018,51.3152234092937,Degrading
41.94114207626634,15.667478146099844,13.625516757879552,50.19199986879988,Degrading
45.928045104929275,12.612777332590099,12.06441048864352,73.30777022471871,Degrading
54.8016815996408,13.937618567456637,15.489643251751817,64.46589625585699,Degrading
51.61435228112441,11.431951841663997,12.813684432826493,59.961452786181894,Degrading
50.74987068869011,12.951763520969168,16.193528002306785,62.10010972593045,Degrading
45.98888577488354,13.496735923668451,11.577300423371998,40.525626748723376,Degrading
43.855660163821106,13.979676475470505,14.337089211919997,60.28493916988699,Degrading
45.44337569786288,14.86351852794052,12.892596734991049,55.22257934726099,Degrading
49.82716069241594,16.590335150275195,12.410063649999826,70.26264470253574,Degrading
53.472707118906676,15.31887969698484,14.138167612841585,70.95527700545605,Degrading
53.60946966854128,15.731896177663241,12.46148773745874,67.1901221071692,Degrading
52.52244944993333,16.60298739789765,8.20846239311681,65.55912783919227,Degrading
47.049772543728224,15.025474186740855,7.486837378286246,48.52387926151759,Degrading
50.09819932961595,13.933927047885808,15.290359888511288,67.31578771997187,Degrading
48.71462987985102,15.8164014312591,15.214465224183453,67.66458150971046,Degrading
49.195240946021,15.931416714730982,16.397213703260704,73.20673388391857,Degrading
58.14851158783925,15.167418508338864,12.968449153092081,81.06388831187178,Degrading
42.95199905198555,11.381670325335016,10.673257356403795,46.76695393785552,Degrading
49.06129273631095,12.485371724429635,12.244749083228196,58.50370856943608,Degrading
54.846995628784626,13.50526261274513,13.020564127650363,55.3196002655812,Degrading
44.136434019865845,15.403317837324618,11.187331196286804,63.55256469546567,Degrading
47.425010298935,13.961576445672993,15.96743450135296,62.12061672396235,Degrading
47.88384600972944,16.046363540211015,17.031105183358726,59.89326134227869,Degrading
49.106841111784064,16.367425931739707,13.86090526131432,71.24843925261057,Degrading
43.616171361575134,16.158506843618973,12.980445255943247,52.087272099372946,Degrading
52.38114424135216,16.169973016064517,10.669059438746022,52.629906793466546,Degrading
52.665149130052576,12.133410971614307,15.783581013080893,52.78197256011762,Degrading
52.03350130007179,14.868743899020396,13.137352259528283,58.75705171316612,Degrading
46.51850530283568,12.90644772628025,12.479504082860897,50.942688056793386,Degrading
50.34604316314918,11.031680603553443,13.866113359614168,61.56285660080656,Degrading
46.40223904172365,13.482551962299494,11.945719247819467,60.5105882483222,Degrading
48.66961335691395,16.38452653812905,13.264375311619274,54.92136397400828,Degrading
58.61387170868351,14.829335618213234,10.403559668477811,69.86389628650576,Degrading
50.38278151038502,17.632056868890604,14.956756940654381,61.46449524541937,Degrading
45.24989369605131,14.3190142614826,12.812060125955789,71.56382627628624,Degrading
50.72134136265566,18.406044956467234,15.085841549141222,60.24455133916011,Degrading
44.59281629574676,14.319538205930693,12.637954879885084,61.782246005917806,Degrading
45.20395842993995,14.040464533076726,12.75484052418884,56.9349583578646,Degrading
45.83550745620484,11.697097841741307,10.817828629074477,61.93658113518064,Degrading
48.222762191217264,15.999012932526982,14.367562551432657,68.41008175518841,Degrading
53.7478759823568,13.096174767907138,11.423488082758436,58.297991909567315,Degrading
52.313592792067354,12.835314249064291,12.124439728241388,66.66570766281198,Degrading
52.09198131298931,16.30621501477263,13.001884934948567,54.68527735058833,Degrading
45.60430173763783,16.084800803832724,13.218203530640842,68.83145508969989,Degrading
47.834742578257405,16.037692460979223,9.929025507608033,56.780847554192654,Degrading
51.08800442753275,13.348055958701034,12.58454944212157,69.66511885906145,Degrading
47.48672005844635,13.908243442450548,14.431414393558684,62.548788881902986,Degrading
48.886534238795605,13.892262084147468,12.318991537856975,75.68858360051956,Degrading
51.765434770119796,15.408532725210316,12.595482842416022,51.61339046371212,Degrading
48.60490927519479,16.796416403289612,13.292330891516908,48.71440904019319,Degrading
50.9042383564081,14.662663799357132,12.773271221415401,56.454044786219896,Degrading
56.37091382407827,17.554803953643244,11.145072095702313,49.538501467691184,Degrading
49.31256480405201,15.614949952459511,12.934576977399573,49.5553859501455,Degrading
54.71735123887682,13.577361090594048,14.789331706010612,67.59395684413889,Degrading
52.23748026922943,15.491680531032156,11.107883294919237,61.962390859286074,Degrading
44.131032026052935,17.070692501675794,12.325932598925528,57.68287120966167,Degrading
45.591451882945904,17.596920170014403,10.513063616916861,58.51733662425111,Degrading
46.66561646772041,16.136404420278346,14.69448751088262,56.62486102106295,Degrading
46.58066033226886,14.046214016584399,12.833755227691817,76.8533225103714,Degrading
49.638841015572744,13.609952142699344,11.469640659509446,55.38044863121267,Degrading
52.458576192327286,15.036925106410504,13.16607808025772,50.100794917250305,Degrading
55.02063366681889,17.013154091487884,10.833519613188185,69.16445555737695,Degrading
51.23270035490033,14.780784419986013,11.139708043371268,60.058199389869614,Degrading
48.217281775787164,14.81815736936386,10.371759646266796,80.34896319936097,Degrading
41.671035025480506,14.092516137770765,11.07979737239668,57.26414925085278,Degrading
50.282358301669355,13.409796087263818,15.443207651199652,69.61385761781114,Degrading
50.10308077477997,13.708157888040947,11.680387003691328,71.73977597539374,Degrading
50.73171501415583,14.243766773441955,13.839205220772662,57.30797751018197,Degrading
58.424961190813335,17.09257999323168,11.49465744407934,55.31371308881868,Degrading
54.962386184772285,13.568515198644556,14.367160742373795,68.67229877837815,Degrading
53.140243672999944,14.094701736640484,11.153052398323632,67.17402726122538,Degrading
46.1516914797136,12.442320211268285,13.070610269971162,49.30450909360166,Degrading
47.94802100321303,15.289935919651679,13.095132357764108,51.84407927325751,Degrading
49.62062157228599,16.46002252169291,17.190049605567864,39.17212995546795,Degrading
46.898371503958586,16.924096122722162,14.134765518364297,67.35848168580922,Degrading
52.00185809994047,14.366056144452278,11.932772774207308,59.64355526177829,Degrading
51.42763539686282,15.033837709902624,14.233088134570925,60.54064621122246,Degrading
45.64676882778123,13.723609420093931,16.848714046873376,46.77700312068332,Degrading
54.7872668363845,14.95043362345014,10.06665503712827,52.11707882219606,Degrading
50.40924133523544,14.565137274498586,11.483532323376291,57.6983697868919,Degrading
43.083715413030994,14.104875897052677,12.573584393596072,55.94906959866961,Degrading
49.79462856662012,14.247956646098833,12.249241191144488,63.060524679658684,Degrading
51.12482582369162,14.813460110108569,12.401037943006225,67.25121313968633,Degrading
53.89116944574296,13.470525617277984,10.652381921932163,82.42651312356678,Degrading
48.65009438749353,13.56350577425954,15.527120896390022,61.81984672972167,Degrading
53.31175306978883,17.073251624608798,10.439304522742084,72.03862396787251,Degrading
50.748567947080865,18.87898418392349,12.6396169426795,54.53024500718203,Degrading
44.73978156384968,11.83213949263872,14.882495065169255,46.9254831652218,Degrading
44.33933290606994,11.732951832123094,12.945667257137465,58.82928517960888,Degrading
54.490239480597396,12.27712490994533,11.237090499575016,47.62050453913183,Degrading
54.783936713527076,13.814080852930601,10.572383818526877,62.13205850452193,Degrading
51.29163692161889,15.612404919867062,12.586001447149993,54.97591287942201,Degrading
55.98282688472011,15.06425529568689,11.63734678146916,44.41155751920873,Degrading
54.22643939616643,14.309656046204843,13.369415965065361,77.6242263127416,Degrading
52.73451491791889,14.952083984524219,10.477387934096477,57.161944582051575,Degrading
46.35475404506531,12.754244918068935,14.46346432639772,47.26142627350222,Degrading
56.92571500412937,13.560579010845286,13.207989141696036,70.0835461145656,Degrading
52.14520572883309,13.963829812923565,13.341705509834458,55.44247073714644,Degrading
48.45664490155352,11.148410590030664,15.593938200832032,71.81149430321597,Degrading
47.32691997877881,11.909641631499326,12.21196810293064,55.39945098789755,Degrading
51.02713512605543,11.981181089700215,11.693529949480197,57.131920787634826,Degrading
43.31576366064618,15.375394802630794,12.014025468975628,65.10348538529342,Degrading
52.79869310141145,14.441638907430349,12.653452174858135,67.33897442633699,Degrading
46.18571674122389,15.099910160133097,12.83626318937561,68.91635363606538,Degrading
51.48243243529715,10.688621018355564,11.504744074116807,61.19232975143604,Degrading
47.91351865056736,11.329579965107115,9.358446544540493,66.75755049399125,Degrading
48.94232514910119,15.193787792461691,11.99032779841773,68.71065746231079,Degrading
46.972360508939744,8.99839464500111,13.647686199316402,63.80512224710165,Degrading
49.35508227527679,16.204332843679648,13.245264951256287,60.71607698062134,Degrading
57.557518184069416,10.718029141658977,15.159198045686487,48.992345465919826,Degrading
55.54023850819456,15.51802080546496,16.519875779134818,67.3925674110199,Degrading
51.41791581998183,12.400547675437467,14.366800788625243,62.379563292270355,Degrading
49.89882293774019,15.888026687308848,15.488537156334807,58.27745732884363,Degrading
53.37680476277154,19.77468964504969,14.380193726073616,73.49989727232494,Degrading
54.51988157643022,9.908280265781974,16.07781866066929,49.14949730378016,Degrading
46.68072647116988,15.251678866149167,16.331536541724283,76.79632683828397,Degrading
49.690244529471194,10.745307115531268,14.712097307402068,61.79954049228981,Degrading
42.71216708172768,14.768184059991507,14.271484263564254,64.85766360652609,Degrading
54.49240844104358,13.62781010560659,12.630582090512739,58.44460296922756,Degrading
58.26009703080342,14.233608180431318,12.925592894264962,46.99634378729003,Degrading
50.32033049849234,12.358964702609173,12.391892803569528,60.74351091380798,Degrading
41.49995950038793,15.4049739970937,14.1182528996111,65.01270416203513,Degrading
52.43556206630812,11.392955891653314,11.703373532753172,68.08602901762335,Degrading
46.383643335403676,16.234947073217732,12.656008822396162,60.21770121404989,Degrading
47.34660223334216,13.263349448101671,8.760694206679059,42.26714142916023,Degrading
52.50630555916401,11.475156780674439,16.101561810590518,48.12504789875637,Degrading
51.0182165020509,16.870886282013256,12.603145751344627,80.46817661386964,Degrading
48.0475648986456,13.878783224943524,13.820044787205838,52.16717614605096,Degrading
47.40157746959334,17.433744746795647,15.624016050480524,74.84344512415288,Degrading
50.50334422088333,16.198441032764016,13.540528187394123,53.593219363241644,Degrading
48.36213778995053,12.563337731384417,15.599818663768175,60.35789681244919,Degrading
45.56305146558797,13.847018358313852,10.76487193812754,67.62687433639914,Degrading
48.66974727408656,14.217868291394433,17.315277861275863,54.618249980772134,Degrading
51.358370493020736,16.74734575997559,14.956798357279778,76.32993622183149,Degrading
49.287586132721465,14.787531884060806,13.376564486475953,62.6815552226157,Degrading
44.34596560700726,14.317326717973627,15.565142798725802,66.14765761669703,Degrading
53.95625848550216,13.640216743223046,10.89645720521913,59.59153692782787,Degrading
39.04475425222667,13.908997335461649,12.48049321821491,67.92848258315382,Degrading
48.21453937988626,16.348265754220982,15.599650713524284,76.20913465864876,Degrading
47.519206181784334,14.006669631435454,9.639291674389064,60.81842656139107,Degrading
50.59271551148566,13.289004911663286,14.008823994925848,77.56741511674312,Degrading
52.24664723121094,12.983887101895364,13.957917087721277,56.49563772458794,Degrading
54.50705923304414,13.003222723094908,16.54460647027989,68.87686435416539,Degrading
47.15038050659136,11.476227207123022,10.150680244499974,66.40202902618745,Degrading
52.34632934933393,12.649324445012338,15.89733590265694,52.382761345858675,Degrading
50.783273551525845,16.69715649617058,11.992952662331975,63.92428734173598,Degrading
43.15384249926711,13.628121330978507,12.195382972158662,62.066293440653354,Degrading
57.602161021736435,15.267941003400978,10.800392103472372,54.321270413508394,Degrading
44.244899491039206,9.538238267778498,11.041866332559534,65.22202190774713,Degrading
51.67798908923886,15.022960356138583,13.72634022541706,63.316605914976655,Degrading
51.559839776790994,13.709565132135594,10.99780255339356,61.34671747423505,Degrading
51.10254712931631,13.133407958797084,14.332511800575247,61.382802778471834,Degrading
48.02169247135357,14.325727923358038,11.806661115454444,61.18990766968743,Degrading
53.30901060456201,13.10751454313835,10.816539149472433,58.69070340878305,Degrading
43.75853010422762,10.17702514420096,12.04994353655219,63.25850685513483,Degrading
49.73668484530431,15.660046294109486,13.606072945161351,56.204772088725974,Degrading
47.744501293790165,14.437431610426747,12.500764128524166,85.91128542323,Degrading
47.29080823173187,13.434903581453867,13.061578212999038,49.316000790812154,Degrading
51.71499114981418,12.260866330269613,14.253173431304951,56.737375304889866,Degrading
54.309914170878734,11.354256471007156,14.948358612910507,57.44832105880754,Degrading
48.626976952652534,14.403006872722504,12.441828444539023,80.36444072892084,Degrading
53.12272435970311,16.904193728405644,11.120400371962914,50.118788150202505,Degrading
50.198962661778395,14.365699658133869,13.136970062060529,65.83330068187499,Degrading
46.429071163047965,11.511029109032913,13.84716925498733,64.23554658541886,Degrading
65.66801152337274,20.25818590552286,18.38780947860201,82.67386964580848,Fault
70.1817158130547,17.204617929732507,19.978071664798048,76.94307765648243,Fault
70.07914679873544,20.25195432237558,14.76100464516589,84.16651325504812,Fault
61.74521586739941,17.13515607914976,17.37234404274739,87.37199622800199,Fault
64.97008724746995,22.967176122264124,19.824137249834063,83.73542948333588,Fault
54.67948983923928,26.81957677467043,18.144320326353707,74.95055032411106,Fault
64.49546504260965,21.209852634163322,21.228134386570456,78.29151488115458,Fault
60.03005286084041,18.41263403634614,14.53296861198878,78.35274063860274,Fault
63.06808787019742,13.665854173763353,14.281996110518506,75.26044836055436,Fault
55.57314067591653,15.788839713644148,19.69331033656998,84.50831665284535,Fault
66.02436143359537,23.88715457756784,19.904775872852106,85.34489677034462,Fault
55.517156522121965,17.427020391822317,17.574849984969966,89.83614080709756,Fault
64.74142303395793,19.07291279578372,18.880867680100593,75.13902121471494,Fault
57.86747203488725,21.638314936447944,19.639455350789095,77.38017051016965,Fault
59.75179482432058,23.705724498404482,16.20950094712616,94.4365556154499,Fault
69.77366051272581,19.501032697090405,16.444933574891543,80.68403308741664,Fault
66.93958972956811,18.988332825834913,18.417397594237002,82.24104823401308,Fault
69.74601568835271,20.17905257127671,19.988995711766183,80.59917022883481,Fault
71.79863566250646,18.430905458401956,15.434894762012433,91.06424654977315,Fault
60.135806464301176,18.565451991767613,17.564515209742957,91.37446944572024,Fault
71.49485831220436,21.029700293834683,17.462679410250235,90.90566480471078,Fault
56.672471719105495,20.463228794586215,18.91951003109408,82.21254089086038,Fault
67.73050167272451,25.32901326639646,17.980863585980565,75.02051218008799,Fault
61.53331142700014,21.097122041588573,16.79905611563371,97.40170462207404,Fault
59.34849928680342,22.87786387023457,20.746844717666292,88.85047181564414,Fault
67.07234933652221,17.32178705819217,16.813633540434196,78.34672814886088,Fault
68.72475762584607,21.312893225075676,17.357388001352803,93.39055077555528,Fault
68.57634193323273,18.19254663349735,14.498705200976827,77.71512867792724,Fault
65.07429944447397,20.988633158241395,16.43002307093903,93.28562722550924,Fault
64.6597865066462,21.721286495287103,19.13536736794591,93.82627671507593,Fault
66.63433292849952,20.124672110003683,18.705324303980692,74.62813782655155,Fault
65.51882037758595,26.01831430368698,19.318937378144675,86.65406642416768,Fault
66.7067791979299,23.56994942277113,19.212161029080473,88.25752563169063,Fault
65.01999730555357,22.94311333207274,22.59297087984934,102.91927359669066,Fault
68.21391912253182,21.910715480925035,16.354710579616796,76.06159105892914,Fault
55.86396096724786,24.40840204432511,14.437267764443465,93.46034621595064,Fault
63.343632624568066,16.40757675632696,15.688783408642648,82.13876814426844,Fault
57.08076753077207,23.42570779497644,16.451965961170497,72.06908653135545,Fault
65.38351008802442,17.521889220001192,15.856480739442796,81.0401026413257,Fault
72.2096508792685,18.589152202333175,18.206053864818678,82.01971808879766,Fault
61.62957609026516,21.40348111015417,20.75584079222545,73.52887845507769,Fault
64.63626015148607,23.08305041377681,21.38724996053381,84.49738895081224,Fault
67.78243357460819,17.116058420795095,19.10947870406253,89.66247404398865,Fault
53.661385341167374,18.718637805805674,22.710798873998833,83.9056052324961,Fault
61.38944758927906,20.243830181253276,17.215979275553877,77.66524728496098,Fault
65.82257829636426,19.534084988260716,14.408458107594662,80.81222345274428,Fault
49.515026371713624,22.13508015308797,20.316991749353974,81.96365314565239,Fault
59.115957534625146,28.5898190399613,13.955092338152063,83.73857301984839,Fault
69.50428986690645,21.048301771314698,16.33899335006043,90.87864609792025,Fault
69.01498450225363,18.16200890459421,19.144246911330153,84.17551802708871,Fault
65.8715911368505,16.75872917340251,17.77476074389268,70.77842697096231,Fault
68.41098819971589,19.186865216035986,17.579903921682686,77.50143142409047,Fault
65.07552117210732,17.649375284928023,15.402261927795987,83.3281684071731,Fault
66.77697453721157,21.16887447993856,17.976234743246657,90.99299587963291,Fault
62.42173145579693,21.130054089460565,20.208057475223143,92.38277153229241,Fault
64.57906341461046,18.84207948868761,18.043929416379243,96.19748273269964,Fault
60.83814806792089,24.96238753445946,16.173503064789667,83.04491518063443,Fault
70.31741672091157,18.161381701900265,15.255415386685872,88.10647340401995,Fault
71.60779704751101,19.701422330254566,16.21889191749773,70.36430772477624,Fault
70.89956400348537,21.597906664724544,18.86313425531159,85.43905258529186,Fault
61.95945619161069,22.23013723442457,18.755924977191363,73.3978871883131,Fault
59.23112980317456,23.193941303857997,16.23888437868953,81.499686433962,Fault
70.38486830375082,21.071241197483097,13.136329271639472,106.23870711097715,Fault
66.71953601295706,22.627281751969992,18.924028080078763,84.42843388952343,Fault
65.64292170761821,18.33722956993015,16.02504372225445,75.08949424655736,Fault
60.83183957527427,22.295204900875955,19.515937453833622,85.26231204766324,Fault
66.12831906318382,22.261822875390997,16.33655878731895,77.86339850728517,Fault
58.57360970169032,23.78221668688384,15.82661900192642,74.31404709473959,Fault
67.17031178039517,15.828910019428644,18.336978195971085,98.825116267124,Fault
70.89443349803105,17.73204221099733,23.18693830605801,90.53449621013402,Fault
72.15522771953977,22.057852423418254,19.647865980456462,84.76429299996596,Fault
67.54262027054908,13.371588800296507,18.299682458252875,78.86541367801966,Fault
57.08989225189439,21.230015434470875,18.78947338003813,79.51368413622241,Fault
64.98665065473011,22.64951106232842,14.147545104731686,94.3398549347532,Fault
74.69840872028857,18.5590618811239,15.530851184344376,84.45262030131654,Fault
59.656942047788576,18.92452499972022,12.475956496896295,57.337558856409494,Fault
63.70409213544892,17.31465663190024,21.80572256806857,101.36750812527069,Fault
71.06762175900488,18.696132200671492,21.360249264142645,83.46449885577827,Fault
67.08566961036793,18.768578745095606,18.8642007576728,84.74695204587853,Fault
76.40078162242553,18.292896813836197,18.29725322678525,90.69355850747837,Fault
60.33565308385706,18.155804555538758,14.586501994505323,85.7232226184927,Fault
59.05122107129589,19.322488037779017,17.51754008744848,87.97526894173448,Fault
70.12062717917587,19.292239210859698,21.943262132488563,78.6102122610806,Fault
58.020606858642324,24.68532974965264,18.289115196030572,72.1616374082689,Fault
63.016160055912316,19.014537142207473,16.757777774333828,84.24186225178558,Fault
63.671767275702116,20.860375540479644,14.13224454799205,93.45291721819672,Fault
69.17994736692961,18.557792583809245,21.036672601007773,76.81757953293506,Fault
67.07133984012623,18.526010560396358,17.845815637739157,76.17580804144178,Fault
66.28532457088431,15.739073655668445,14.135185522601775,91.7681540830395,Fault
61.98784561049167,16.071584380472267,15.966615499442607,78.34203835887126,Fault
70.07502009540971,16.9825043008675,15.189416361812114,78.71552068932479,Fault
84.12912021363633,20.459242086900176,17.710164243433663,79.01484581643007,Fault
67.45641049461457,22.690434138211465,18.4561457331482,81.48015215207617,Fault
64.49836103773418,15.533338682761205,16.892922458587247,69.41089523278369,Fault
57.5106851450392,18.62730799662796,19.70950251227114,77.68527909966699,Fault
60.812592753414236,16.582773226624127,18.173364929039373,83.84294415311777,Fault
62.93144883026348,19.339307264666125,20.337087247598685,83.78590348939863,Fault
61.326998798664334,22.689423734267876,17.21417302822242,91.2639444206367,Fault
63.91961082736576,18.882793995980062,24.69971630242452,96.71513777755844,Fault
72.89008038403644,19.88120756950076,16.758124808357294,94.09986757331522,Fault
70.23583458684617,23.638070990980786,16.012674018137083,89.31721907259147,Fault
63.20583641765873,21.144752326269774,15.742138789789333,80.81012327386235,Fault
57.958600276670694,18.099770360457995,17.53593040158053,77.01544744034496,Fault
70.68683821451206,20.397288214589313,14.217020600095275,82.14302746006722,Fault
63.75472863269318,17.93112747149427,18.648038256421184,86.68463015818318,Fault
55.36749787198822,21.05120503184,13.808331706957425,88.57550238596534,Fault
67.56215059246519,21.2883503851819,18.35567603292591,86.9846858681268,Fault
69.12843342116733,16.582100748753867,15.027246162988023,81.03059622899158,Fault
51.87045797532666,20.437873543464434,17.161154503763797,88.29489791873809,Fault
59.87722678933548,19.7060668550102,19.32998887809119,92.08698004066802,Fault
63.44772994346143,21.36169349293028,23.068882904527978,89.04128307254032,Fault
67.67255455654309,22.078367627547834,15.628398854281455,81.74389555869281,Fault
61.42126707687915,21.193624010311513,17.66930161126194,75.32921045995195,Fault
59.83929049013032,19.242016616550618,16.407730915493808,75.13946056489515,Fault
67.6358462484014,22.33332505216,16.08628529036625,76.55025901126255,Fault
61.658388133429206,17.81734305922437,16.427058674067002,84.05660158939943,Fault
66.71027325274349,16.698695016576252,19.812946246401268,86.15843002844507,Fault
58.44242172512705,12.011783288598,16.926277098693163,70.68374145644776,Fault
57.23833490381801,19.824647620657114,22.948487936195882,77.9680391330916,Fault
67.77634578785198,17.94613390126641,18.915154362968416,83.94628372244316,Fault
65.26259955158606,20.994386190188376,15.777976545417035,74.80256071921917,Fault
68.61227866618104,15.07193151488908,17.193248599280828,85.47123322447683,Fault
61.33703499539279,18.38205362275125,16.235936621912025,79.54057367266748,Fault
60.02447348760128,21.175674764661213,19.76015103648277,76.21263782664595,Fault
70.80359443770455,17.425409634127547,14.394684755556444,82.42564345959119,Fault
56.38520618002765,21.023141871532154,15.049906963041217,85.13824263663281,Fault
70.25730354590313,18.607443512329898,16.698598538751888,75.21176868584058,Fault
70.60252353741191,19.917979225550006,19.502482944904315,80.05910096148762,Fault
68.30044757133038,21.48789501604214,20.7127326046101,85.74142701845686,Fault
60.56096241494776,22.381992557788283,21.037192819700255,75.90327853346587,Fault
59.9173808163732,20.23123102830152,19.165563343884568,68.73794527660878,Fault
62.949721135009,17.96497426280314,17.817643020012355,69.70740923448196,Fault
57.524801615843,18.854902844050876,19.748176787090785,78.65559308754425,Fault
59.191530006232014,21.592388407717394,15.482098641650236,71.4526537895589,Fault
67.22367145754524,17.446866041293482,13.9417541115643,79.21822483859003,Fault
67.24674557112078,19.554833508399486,18.960602670910276,95.31954280938143,Fault
58.75212586732522,19.03528975409631,15.78750748227253,70.97121289849055,Fault
67.38060967650037,19.741595541702587,17.856325189235942,79.7391611881784,Fault
66.27151652869902,17.476793676876557,18.263179434920193,99.05843643417107,Fault
71.54943127288551,15.37013911946972,18.54586303019225,85.26504066380568,Fault
66.84568220933761,21.30185653989911,20.063141384755113,79.05821370019521,Fault
69.29290526867189,22.41032855872162,19.83056541424181,80.74493892384609,Fault
66.38538795465105,15.51956260625461,18.429000147768917,85.43490006714622,Fault
68.89964554848594,20.92231540231554,17.027566382967308,95.56617544501952,Fault
57.56441421716112,22.70795728711294,18.237076595087906,77.75317114018206,Fault
63.39127771444543,21.48977761690581,16.688337083315172,75.93911773689373,Fault
63.80508615886235,18.958324553309833,17.567856371586423,70.96953013775818,Fault
62.781250265323585,17.641259075623104,23.75998153187691,82.82476826007843,Fault
66.21943315158363,20.202445198374974,18.40081734194379,70.75450104145669,Fault
67.17189827247876,20.619462647117203,18.990539037482606,78.28973900142564,Fault
65.96128538535574,20.239518777889746,16.447942572133204,74.73053247111719,Fault
63.11528059389331,19.549663424706086,20.24416151614571,90.59298808187285,Fault
60.321349600774376,17.293370689693106,19.672599329859533,77.93282890106555,Fault
69.48593037078118,21.05672072827213,19.688175620241186,85.17544262404493,Fault
65.74866408306917,21.17713623603381,18.47276074285762,69.16726398649149,Fault
58.90693070800296,20.50205531365418,20.275218210686894,83.05205563562276,Fault
63.03156229175188,20.27748411267814,20.797707432596415,72.37471755311401,Fault
55.283501611463194,24.198123719365263,18.622817622568448,78.59481200056112,Fault
64.17685307173721,18.43905303856651,17.74785281019929,99.68962059404979,Fault
63.00810028700702,23.20358774364164,19.968056178252475,89.45739501792707,Fault
61.12766524822331,18.164938826945406,16.010924325568563,80.97269933734954,Fault
71.92300094901765,22.77237643239107,16.420487382646282,107.59153527826557,Fault
58.219229402289436,23.08341887520136,17.882739245653216,74.67860247701346,Fault
67.53196475841168,19.267371991495292,14.16901444943608,91.32173105660289,Fault
74.93354080465937,24.152407635152084,19.820709601839532,69.73860434522308,Fault
69.38633951858344,21.17258971686522,15.88158944757519,80.04861793881642,Fault
63.84230608951116,17.80681889714858,16.962719752696135,71.21768199855552,Fault
58.32965680288336,19.06460851402698,17.530784889504503,84.05820732072699,Fault
57.18968911707772,22.83190576526663,18.08643100745521,82.44776202863005,Fault
61.94224152521239,22.307661754691622,17.243962791869308,79.53868160653134,Fault
60.56499633043046,17.354898996551775,17.851783696093232,90.73645620101045,Fault
60.40226545520934,19.651856719523757,17.86881920874109,77.46320821597767,Fault
62.36843272264378,20.50880745694128,17.01653189322032,84.6148139824586,Fault
63.48876453557157,18.730988527310977,16.298972193194714,88.56443952217072,Fault
66.42605973822648,25.8944993084368,20.379242633582322,70.13423032883054,Fault
57.811018902687856,20.584159358513315,13.370307455013254,76.01268526660493,Fault
60.58878101933475,19.845469522742377,17.547426650179137,82.43088773852668,Fault
63.20163958588759,22.977127610645226,16.968421161854724,87.04122735542654,Fault
63.022574032883654,19.08696616290291,18.92134127079827,93.36990212737227,Fault
73.18211853706711,22.518569026543307,14.800555847658181,80.27296161017664,Fault
65.16123296361928,15.830669011042538,16.90047224926407,79.46823165880093,Fault
55.93205094020288,18.865864884386085,17.774808585222537,75.01923175829069,Fault
66.09090680793382,22.622676045943116,20.35416194281501,84.63987273741627,Fault
66.72831861371989,23.925494301474178,18.73080692694993,79.62305941041527,Fault
63.37435985877631,18.066760717485018,15.396325936088504,79.80774189739425,Fault
57.93301662795399,17.775445909453378,16.92755121881455,81.24889195289194,Fault
72.79027347656731,21.41861607592615,19.94931297585352,86.41302449672271,Fault
58.65058043209371,18.44241526270572,15.35829529496925,77.49015557456592,Fault
67.30386103207967,19.328555205611515,17.826982609580785,75.82273528872877,Fault
65.00025264531968,22.191012561842896,17.979935004442194,85.45379348907282,Fault
67.00405274514885,18.63974454596497,17.15127726817432,57.79420078493932,Fault
72.53428962083665,15.086435621160785,23.930653922157614,77.17057461070651,Fault
66.80819436070517,16.747288910985297,17.09199078921539,72.78952400474108,Fault
61.20667886478233,20.0248889643007,18.989483350609156,91.62606578413431,Fault
69.5299613756398,15.34144212881779,16.314137535517574,78.47253789965683,Fault
60.8445027497794,19.2570989567567,19.16104558239869,77.51427107786215,Fault
64.81779005697634,16.51975870939002,19.915732713074256,81.61102011797381,Fault
57.53458195992105,24.099847517163994,16.706479119158583,77.2370205722807,Fault
58.83359386331624,25.41285648691418,17.879656006519227,78.77881473477173,Fault
64.25693335218094,17.354507244144827,16.03038450624008,82.7768832833853,Fault
65.84043354290436,20.641896700094794,15.48231161349024,78.62367652394985,Fault
55.48804688654485,17.59899067000787,20.280949951500453,78.56626038182371,Fault
66.48643684000332,19.226710994863723,16.781197919055973,73.91873861030953,Fault
59.902855117008514,24.508673319889514,12.690052877282245,72.76973007583575,Fault
70.39844007835583,18.833278630683786,21.883783544285972,82.48509518072224,Fault
62.24017785587746,19.284906344407215,16.235390289262266,84.45280407828658,Fault
58.38188865225007,17.643676831930758,17.457979303754332,70.5747468497284,Fault
64.37902278979627,22.86547344416216,21.609994312087494,88.07953132304678,Fault
59.418824994606375,11.841833243689933,17.688167392787193,88.11238111859798,Fault
70.34472570716562,18.893006696170946,17.6406594751559,89.79751310622899,Fault
64.0026510376655,19.885284764661353,15.298019301988827,84.39911267792478,Fault
63.24161688453356,18.347306675372714,14.403365860819353,87.09665680231197,Fault
66.95900509465504,22.15886376932792,17.63395021788852,99.48020675662657,Fault
58.97526280399853,23.005068209926186,18.79818150296477,79.58782719298165,Fault
57.55423172335743,16.469901217801212,18.6721558980637,73.63446799288354,Fault
66.04175789720819,25.23371663442701,16.941225622967725,69.72752093422831,Fault
58.50164645995596,16.44185293911621,18.04456715856327,96.04539144185853,Fault
58.499949231252714,23.221576704189605,13.958138010278471,96.15029806958925,Fault
68.18378015610443,20.374569246339234,19.012367445530053,74.60320206452616,Fault
66.6253205499197,18.740747257215464,18.3550928584941,76.18143349857155,Fault
57.730852287735445,18.97658267581041,22.342053967202286,79.40807169975062,Fault
60.90431978529332,19.916218023349217,18.016455222143904,91.79405497716786,Fault
59.4813422202684,20.521044654659455,15.926127425278626,71.70158241215752,Fault
72.8815964902029,17.699614121571187,17.888409105004598,66.267043800889,Fault
68.53005213785305,19.415150105804024,17.27884043996516,99.34011581249729,Fault
61.89577576997363,18.07331794268101,18.956357311294877,84.49898629536061,Fault
66.88097344671746,16.962376182315317,18.05916253579541,85.63530644734848,Fault
57.21906907034585,17.956720743855257,15.228117257684183,80.35915195840005,Fault
60.63676924405254,17.1250634182614,14.401364765973156,85.72627938974419,Fault
64.52431632970944,18.949612718123703,18.578398045792635,69.88635293327211,Fault
66.26115374572956,21.08118726367104,21.042851990352325,75.27263546511816,Fault
63.51270437243278,20.301775885444904,18.174565344913784,82.84126307618084,Fault
65.24006755357112,24.935861941651627,19.789254178624457,63.83287285679806,Fault
64.39168229976563,14.473867465700208,20.22818013924792,79.57985908948616,Fault
63.18211298988841,21.173352415535472,18.58694206074827,79.08668503732474,Fault
62.51927203904553,20.01605059631088,16.208118726704903,79.57847814439711,Fault
61.86867563661108,22.03917585592992,18.429677787100243,77.59134553743215,Fault
65.15968754314294,21.79116301077602,20.655560352721057,74.03286459300402,Fault
66.05407794599728,19.58752062466206,19.165759209119813,67.42374519783264,Fault
64.99179583659416,20.431628212141888,19.646139754223043,83.1579763773393,Fault
58.107014749994704,18.13982696770379,16.982398268277983,79.59900810563005,Fault
59.00536074428406,21.534199948386135,17.55482172855994,70.99774762745058,Fault
65.99440902974034,15.302809869693247,17.738799916019193,82.50026730267017,Fault
71.35836650335439,21.942066096623293,17.887056394419048,79.64039843941835,Fault
64.76207730779377,19.942066389409725,20.56950829522719,78.31180838670308,Fault
61.94165793761503,18.782344905422278,12.836217797656031,64.7448409055404,Fault
65.12170227721388,19.418667001383184,18.06718427008004,87.46214009846314,Fault
58.31589288743286,19.602009413529046,17.825107973471322,72.13559167912696,Fault
70.54471578268232,23.243259401201254,14.982697488822872,82.50616203872993,Fault
64.93297072254015,28.08373415812128,19.477887876492424,75.53385245253845,Fault
60.65271393394726,23.049677060375956,16.406099577721164,78.89018785961612,Fault
63.16602266953562,18.58668553527561,17.214528171423048,91.21833993399929,Fault
61.364818839681924,21.574454560713196,22.067320197058898,86.25294560642699,Fault
70.55834988408417,21.68332291514371,20.22194202898592,91.04031957031576,Fault
62.9887995527647,17.68709819388195,19.263871266119256,84.64308395697259,Fault
64.77682873057796,16.848001756948296,18.83770925621769,85.16914867472624,Fault
66.86863228325646,19.84179767770803,17.637703950620246,67.75088799819058,Fault
60.29616698117729,22.019269006753586,22.398629983814224,79.45980004906757,Fault
64.96854733067579,15.97047933099643,19.764768789168524,80.20072854521113,Fault
65.37217784697106,18.197755330863984,16.350990189276445,91.78931856281581,Fault
56.22960589489689,21.431629272476016,14.919774987921162,77.95016537674458,Fault
65.26348244388805,20.10430903317645,19.247043604376394,84.11887607244898,Fault
63.771189675284305,23.54068405149749,17.87708791426742,83.80605874467801,Fault
64.64983146057999,16.47158136480914,14.856336032718431,91.26140128224581,Fault
64.17814856745284,25.88041233362364,18.94288956456548,80.93004734155093,Fault
65.29584936475041,16.15501889107605,17.408140247314655,88.62229558954517,Fault
70.6867161283808,14.927090702929348,19.167462836160436,68.36107892689981,Fault
58.10246293957445,19.852718051256733,18.971828472077995,69.08784453644847,Fault
62.2892383224979,17.163852679384977,16.661819152603552,63.733245243003786,Fault
67.33309314481419,19.903110839887802,19.39225848173325,88.28787980106667,Fault
66.40462933863955,19.815682802613335,16.904608818203222,87.38933550230989,Fault
66.29702776671041,19.51056446973142,17.047659879001863,89.17462059119426,Fault
77.76788607836669,17.893972419508053,16.82900290543297,76.58110531435045,Fault
67.07067762058352,21.081640381449226,20.488143741173797,77.49161873972267,Fault
69.65468898127513,19.206657213082075,17.382740746280408,81.03161885870152,Fault
62.464639705737454,22.75916217688691,21.019374997241353,93.54959442358125,Fault
59.03543813051359,19.549069368679234,21.92366671441109,95.55062502097641,Fault
62.42841285383183,17.588381442833526,16.374817898920213,88.3504679187309,Fault
67.55980085671702,15.780723620391537,11.573810307666747,84.648157798428,Fault
66.03413927414587,19.569726421379073,20.2979209951968,92.68306158160101,Fault
66.0162568529944,16.826988571593443,17.24766182580769,79.95326034280353,Fault
62.928278066014364,16.625095364988056,16.094389891109618,78.87246775614165,Fault
62.130986905935124,21.31864327286747,16.70482016646347,80.96782303508951,Fault
63.10071377853361,15.555824847091522,17.087409592994735,74.17028504464338,Fault
67.62237725082606,23.53048344583228,20.85382479952623,80.5999250850271,Fault
68.2036371408521,20.39929096098885,18.351804726498532,73.06073564972849,Fault
58.96879175164386,19.890393422437597,20.823916986237897,90.20006255119662,Fault
67.81171279715724,17.413085148623534,19.08728426241269,86.34949912826414,Fault
60.74639384621885,21.910930740857346,17.319692407308935,93.4364991803826,Fault
66.34460825920527,19.992737666006512,17.141214152939632,68.96573757668648,Fault
63.040171287687556,18.284758393147996,19.235539251649122,97.21357557537658,Fault
71.82894274619493,20.499561741628973,19.80493638453196,69.42019668965247,Fault
61.909626855094274,15.79303636140155,20.192943908541913,72.41353539933435,Fault
64.89305920447391,15.911682171127154,17.424615274973366,77.03342762509529,Fault
67.03296578779714,17.199534786747304,18.38545288408984,92.46176553575891,Fault
59.63020574938559,20.873818169024286,19.284888900361718,83.80458797782859,Fault
63.63571472286527,19.99185419548467,17.155276942938904,80.04936599582743,Fault
62.667075576884315,22.62244816388938,15.503131925633912,75.65898052283872,Fault
61.43093258297014,17.700025369578558,16.22620365325533,70.9925187947144,Fault
61.8013849925838,21.436669601203356,17.469722026394432,91.06101858954409,Fault
69.56007299068398,19.715323619011798,19.456855706284664,88.38911408838912,Fault
61.007246326198334,17.64238701314768,20.769750490258623,92.8196030167388,Fault
66.83203941335803,20.963269176782298,15.016696140783834,85.17454501584899,Fault
65.57297501015572,19.83497035438692,16.68584096935404,60.863180331555725,Fault
57.01509942112412,18.427202014636503,17.212702506460847,72.04333653854839,Fault
66.59584719213221,20.10499771786023,19.748377471074615,85.71897044677367,Fault
56.93243395121153,19.67617403515652,16.8381568221453,79.04226379811183,Fault
67.1404591408258,19.615779828706245,17.054588863115562,77.52926426457499,Fault
61.46404178434576,18.968517125223002,14.893616330269507,73.17418588088377,Fault
64.04183626628226,16.737628652765906,19.06349609514117,89.58071653931633,Fault
57.528600251868305,20.18691353973718,17.64492203588758,85.64954109931446,Fault
64.61191161802408,17.993214065696463,16.561100923044886,86.00952978326498,Fault
68.6347520898531,17.44917783088983,17.429070906139387,76.93118200971955,Fault
59.9651728598869,19.39825038974348,20.47939010424878,83.41030207119847,Fault
60.964164569279944,21.835066360430446,15.789248801696345,71.29788059042815,Fault
66.27310511783745,20.464033769227452,16.148348811572088,80.96137615323045,Fault
66.3980916182347,18.672144479106027,20.754955384424367,61.77656337125513,Fault
51.82910350795747,18.571634855330355,18.166704621641486,69.45507088692356,Fault
74.07703181891387,21.58953315547192,19.473459012766217,79.42150524598391,Fault
66.64276741774165,14.0081605763819,18.88385420201251,101.00094517019946,Fault
67.4845933122648,21.993412472998703,17.922263984953315,67.59405541260108,Fault
63.282297766689915,15.314960562674152,17.233741937873177,72.0513552596811,Fault
54.72323245723878,16.46148022919255,19.8294276494644,83.73419837354248,Fault
67.3736103062512,18.714335421841938,20.55714044918454,96.15538324811682,Fault
61.17405985884557,25.425310357327113,20.385214363435413,83.61737997590458,Fault
66.7196584709167,24.193548400035667,15.391962405975095,87.61713481843326,Fault
62.90599464868636,21.76621938949284,20.870804239257524,79.29916999458818,Fault
65.19019689558189,20.891355945738624,17.21254244076518,77.91502728848499,Fault
60.12501809295378,15.344307579968813,16.338935017401365,82.65747481654205,Fault
68.32194471339466,20.391895407201748,17.62747906710936,76.73368487499117,Fault
58.05810480271164,18.62694620360007,19.82848255754721,87.79415470974196,Fault
75.22784712669595,17.958326665943197,19.18902120486174,69.14982480843533,Fault
75.18974317493506,20.387007724936648,17.43814989392061,89.11989626053467,Fault
72.16349792733256,18.822224976383254,19.842864907131545,82.31450409842202,Fault
70.37739492887255,22.173248864922126,18.307693277670758,80.28223305119309,Fault
63.57725820883179,15.160113080968332,16.739462775813376,68.85612351850862,Fault
69.83273352873604,20.187528555864954,16.442322377491315,74.16169062401704,Fault
63.51911750861936,17.802256941214893,18.902516657727563,91.58921178506543,Fault
56.23241228877347,18.975910427710765,17.818460981205675,80.33120801573308,Fault
71.51600707015344,20.761566048698104,14.973888662490001,84.22718772698256,Fault
69.64412231461253,17.20673034347483,19.863755284752905,74.96374389347723,Fault
63.84330446172282,20.41058034828116,16.943394937026277,81.76756291019639,Fault
57.87407871334425,19.469154486976837,21.502663225575347,71.02278361504017,Fault
61.06899661710513,18.34853283705778,14.913422032659636,82.7990580343031,Fault
54.894272075562455,18.8235687849727,17.602441087941976,84.96512717816164,Fault
68.72540426308989,19.613620272032684,16.4600490942337,84.56491781748014,Fault
55.983455165679096,18.08040871859197,15.854070455169854,74.7713213560787,Fault
65.43415435073338,20.01773618831403,16.92906042313157,79.26359212719599,Fault
59.78153326110156,19.30455844583481,21.89524873988136,86.29755316785305,Fault
56.866482775002616,18.471793657332597,18.315414374174907,80.30849923777521,Fault
65.19177546639285,23.97460558475746,16.258242314645656,79.70155694127912,Fault
62.331003073439845,21.038099806404052,13.977017497257709,97.22774086900445,Fault
68.19094552712684,19.043219418442614,14.21300239803509,74.39208704907101,Fault
57.661973656356466,20.364651077061772,16.819781082938782,90.64334774471186,Fault
60.21342677263089,17.432949658066228,16.60588643489495,72.76255469196056,Fault
52.061788957545545,18.90807098305354,17.507088446284133,87.23824868617132,Fault
53.078266588360385,19.19980637390438,13.001195639041127,87.66522046499179,Fault
72.99096204989256,16.883015225225293,17.798300490897628,77.91707875954363,Fault
74.41799122049835,20.968385119986046,20.261005505323638,72.26018517710315,Fault
64.46363102611977,18.735968243467937,21.570250744201232,66.23653436957267,Fault
59.88085617046744,19.11133333138149,13.832218474582294,77.07909192859731,Fault
62.50775537254947,18.57820035219161,16.23693592967386,86.20974918361858,Fault
68.36787101243182,27.39772647660775,16.120685505856024,73.37897474320337,Fault
61.42805490088977,18.34346212456497,18.32058714055643,82.77558864738982,Fault
65.18816933520844,14.828307615285432,15.316500570671803,70.18856161671323,Fault
63.93621974759375,16.000170072602913,21.700979147198698,80.1288944631683,Fault
61.15593664958571,21.898256556738588,18.095749437708626,72.82364876641016,Fault
61.369036270040645,23.341131729207824,17.729078163541732,81.37615598484459,Fault
65.46660435842755,18.295507021567865,21.50397021432211,77.99136424313974,Fault
59.11555931806279,23.197374174088658,17.964695227016634,72.4770709100992,Fault
66.25864672811758,21.85397499960636,18.880667494297114,76.72901217688847,Fault
61.64210520175409,19.526299672534776,16.34824379875749,74.52674510206406,Fault
64.63683652324116,19.34888429057366,14.984895456880356,71.4886023981007,Fault
70.9198128308428,20.452175566039134,16.657204410690692,90.66196660231535,Fault
63.15903977386524,22.193639555384102,22.811346845678614,79.11860108439261,Fault
68.59902170095997,20.993236413987557,19.392646086231302,64.38219640741067,Fault
55.039835720580854,18.30797924550326,18.60397664164431,77.01375353924251,Fault
61.648184931797026,19.564482382434225,15.85197854159256,89.31769371054611,Fault
64.13844310538036,24.953158636804808,20.00475176216446,75.90913093394099,Fault
73.61665339603229,20.62803449324048,15.013074796509658,93.98195102506904,Fault
54.20023958370055,22.173313567206538,14.55247581069876,75.14670356030729,Fault
63.518950690536116,21.34971246812308,16.77044832966038,86.02726444653165,Fault
71.28344425458131,20.683394359994256,22.299880006315185,90.2931086767281,Fault
60.07489797366564,20.271747250037674,22.175367311263745,85.60155177849147,Fault
62.93580594787165,22.24347656331245,17.007278757848805,71.00404820287176,Fault
65.6586949252777,21.79660558827671,16.516762159964436,74.46025138462748,Fault
64.9225427686139,20.659733695028873,14.391203510768484,91.36056792309265,Fault
71.82885237727207,18.26559368613028,18.171667596144186,75.56310834934418,Fault
66.24236905036616,20.96389701387118,18.35642805437386,89.80541211121763,Fault
70.63886447757109,19.832480158829792,19.737023759233207,78.55772222548045,Fault
62.199958213450444,19.22936022163731,20.00355652931536,83.1314985537532,Fault
60.29737294374851,26.69693993741517,17.56567178113781,70.91114178383239,Fault
62.87138403490182,16.15237173073043,19.223261324471085,77.13385940230002,Fault
58.20448453316199,22.396282147643706,16.45859449073762,74.99754895648222,Fault
66.41755848105048,17.843322639365425,19.18149357339351,83.80479720446539,Fault
62.07060943622377,20.32798872335849,16.88408942799397,82.74558063772706,Fault
60.64105550011262,26.421468797725463,19.010808735127263,85.70119916996508,Fault
66.493292048105,17.594077512939844,18.832702915627802,78.07581997525861,Fault
58.281421110128555,18.19031836293184,18.15136797652914,74.55815942964337,Fault
67.85251106927898,19.956215657121,19.74798737995058,83.46183268435446,Fault
61.6083130575432,17.881957605921595,14.545122043006492,73.76328877594372,Fault
69.79548222047092,22.210140877350753,15.657184319913931,90.62738021138071,Fault
62.036312108852165,18.663676409841763,17.405868718183324,81.0838209072871,Fault
67.15954833278963,21.635024100373343,14.824820547118689,79.39091912236036,Fault
64.89781186886452,16.677027170499827,17.104898067979647,85.69740498200169,Fault
67.71950936857243,15.482921244614436,17.17581335082939,81.38908400454626,Fault
64.54973446073814,19.427537552617377,20.881304330666726,68.73558626531843,Fault
55.68301293828378,16.07873040490601,18.313574145041216,73.50856080488452,Fault
69.04396769621066,23.795672281913625,20.26474506734053,90.46166963091692,Fault
63.561585387710466,16.175491273762503,18.66368438138138,82.67107478275666,Fault
67.94758038677406,17.405783280823254,16.821532003289455,68.54745758109247,Fault
67.45123238434428,21.034049713686525,18.294176977042326,84.81689653372133,Fault
60.13351759494329,18.534090124844983,19.60473793465078,77.52592944104201,Fault
59.42602297412351,16.20403007533099,20.625482918173677,75.00400037992975,Fault
67.27677550724502,25.0999104001799,17.708917861544247,72.84101819492923,Fault
62.48375485294743,17.495915492101066,14.375476583523522,89.9994357705495,Fault
68.68214639733249,19.509355481258627,14.220835033671815,66.2760130239572,Fault
63.108995285684884,19.477018699734924,17.28189225774285,75.29974340448408,Fault
69.11704888724144,21.775772879916445,12.85661669747446,82.96101412728994,Fault
66.1165224210455,21.155881151677647,21.94922982462103,94.62690455122797,Fault
65.43987496857075,17.932997405672484,19.313253109079415,86.43086557080255,Fault
62.12994400629863,19.18543195639173,16.601532579106063,75.23180307573757,Fault
65.16213807030758,19.43269391614546,15.558775293180648,94.23482763285452,Fault
69.96426357476355,21.872398745496405,20.261862011147443,71.15901280236022,Fault
63.7289227066834,17.0791952128535,15.549998257567788,84.12268932284124,Fault
66.65587221841928,25.045276391889455,15.759901120077684,85.90227716601773,Fault
64.23180038124853,18.10204153135139,16.31491893194128,74.95107533439648,Fault
64.6230202137271,19.978126508108517,18.250992312063516,87.58074441510603,Fault
72.61705378469149,17.100026400766897,19.36575436612428,77.88887896847233,Fault
70.00865015519776,16.754602470898458,20.62387891351446,87.56113942014372,Fault
64.39701907597859,17.81392897730594,20.298936857682744,67.28323605931033,Fault
65.07227043968017,17.57369195583936,18.00170216031643,84.679808721831,Fault
60.49064748224516,18.964357439612925,20.245148342263935,78.70314661845116,Fault
63.13514226867523,17.552587428090646,16.52380084925201,91.19763026374258,Fault
65.54698893774308,21.738881053235524,13.994094768183674,81.6481541618324,Fault
68.25306794784564,18.042540261704062,16.523511642236883,91.99383626976095,Fault
67.74610448455459,17.765461266370213,16.226226868592168,86.06090212026442,Fault
58.45370472047745,19.017577839706828,16.60962844204181,80.97993232761475,Fault
68.88491365339316,22.482097196740735,15.889375595667843,88.30135447691436,Fault
63.556131603112235,20.537190434025998,16.985558929324633,88.35246771621698,Fault
59.065043221612314,19.750776175281324,19.364037871005873,85.77528003592971,Fault
70.68192368715961,16.417388075078303,21.773565625857657,63.66158900299853,Fault
71.31639498368976,17.143228850340726,14.20423775663015,74.13951607388482,Fault
65.3187349117033,16.803975149900943,15.166983820818363,93.07284677204738,Fault
67.54396800952617,23.267128059180866,16.25881823079803,71.95243315651787,Fault
67.83724604372216,21.32640780782912,19.684632130360505,89.05968920052645,Fault
70.97886076406125,17.845948727689514,17.54911562545929,87.65162125423736,Fault
67.64034262715863,18.589070890435863,16.40695970917203,76.19398110734376,Fault
57.36155861280716,17.936774559406665,19.576812616951926,66.0381469830662,Fault
74.04903874485564,17.78534695904823,20.10405858595233,77.44869921641659,Fault
69.32828444740022,21.15075257804045,17.958728089268014,98.62412034906409,Fault
61.45237897363618,19.28115944803922,16.204317701434803,75.09378166232517,Fault
58.85187463821295,25.202919360743657,18.594615047917863,75.64594124320584,Fault
66.52406715202042,23.125899561292496,17.486809941404353,74.01934071752139,Fault
62.6086998081621,23.273700851166804,17.469770863671986,91.71827581239616,Fault
65.6499767699948,21.678392437370317,16.87271951907596,80.05667430699916,Fault
67.71703420639132,18.94335232373203,20.034963144108595,76.99275016840689,Fault
61.16779056001602,21.49447721132396,18.549736497918946,93.30779213756281,Fault
58.419460036578315,19.127918263678357,20.278541940157186,86.63595270348429,Fault
65.9290923393599,24.075690126820906,20.93991752005188,74.64567806631793,Fault
61.333060723615134,21.0106984576248,19.00975769150661,72.21132871150576,Fault
64.730478928662,20.65590089650754,16.885750347252667,91.2653597190398,Fault
57.283367815188676,20.317681656073773,20.288717710883528,82.13430530993372,Fault
62.73908637762681,24.350666068402145,19.02446234501238,69.6074878411511,Fault
67.57475945519998,16.415624165408037,23.727409108976808,67.73507450485161,Fault
67.02966253823398,24.595719569171816,18.68222635468831,73.07169027840193,Fault
60.05821014563366,19.534615481364657,19.534913685830986,72.08412329517576,Fault
58.15867815340974,16.484627560460872,18.63893256085127,65.6313842327885,Fault
64.07881844875897,18.11947567089236,17.78198309789014,73.20394410681203,Fault
66.80516398509704,15.872981843191043,17.430658590907353,74.64735550684917,Fault
66.02587570096276,21.6341418639641,18.647336458248848,78.29854969292343,Fault
61.43920077819345,17.404267624133702,19.146586653990482,95.5432803610217,Fault
65.48912221243302,20.42166916551175,20.539653379217736,79.8652538232138,Fault
71.51177735637998,22.83554257541462,18.67947122826828,80.65940129804629,Fault
65.02572343654514,18.319957678584657,16.981643814064498,86.07404291039154,Fault
55.8342603209069,19.32974076743902,17.280921207482237,80.10145543146751,Fault
65.01600169050322,16.74158347520996,15.089538725613002,85.20122371109366,Fault
74.21978485606304,19.029107227622006,21.654670455859083,84.24491901561386,Fault
57.56304593442202,26.43505906318343,16.809418050254134,82.98070852479395,Fault
64.14862330914511,21.944832910276105,20.128369012303395,104.13172867535167,Fault
62.868322834839326,19.338173952765988,18.608411886373574,89.28900675235482,Fault
64.47941479637532,18.470779909545712,18.668210027846694,73.34622412234616,Fault
64.97126076576886,19.893416510858916,17.741614674400857,84.96177748951331,Fault
69.69985993031462,20.3251268804841,16.266842445021318,75.66610554672224,Fault
64.42391643200405,18.952325732135606,15.869222118917655,85.57000611247884,Fault
70.38629778606024,21.325147989427823,21.80262385537086,70.99850066313384,Fault
63.41172170606759,17.616381274848976,18.25071437344194,73.13776441532816,Fault
62.249316130126836,17.604030812539328,20.47558904161283,84.75126049992102,Fault
60.65408508480697,20.92548864262551,21.04679526281955,89.9813529087842,Fault
54.91456485439924,17.078395616089004,17.096136753781728,86.0211547900241,Fault
65.3789070596292,21.822543132156348,18.93171268504126,88.83293867628174,Fault
74.27000144235922,19.964298469007666,18.099023706080963,84.99054847011077,Fault
66.29117738642931,15.430226953206965,15.454129633362845,83.37996879225865,Fault
67.4337367708084,20.273747813902368,17.591944053010636,77.97045380593251,Fault
61.93484337492772,15.787133438527514,19.2925144985263,88.50401446973437,Fault
62.77833304363165,21.733405024139152,16.902135638976112,90.19903386261313,Fault
68.9232074416663,19.37821417687351,17.285344970181907,81.4950744693618,Fault
74.0434682014491,24.62771054126705,17.61859291815158,81.06459166577073,Fault
71.4397396789841,22.67828211093152,22.645364528882226,94.73124649377789,Fault
68.02622314864011,17.348268734420436,13.965092338370233,81.83662576147022,Fault
64.17575289695255,14.948150340396456,19.10361525785997,82.60548696292776,Fault
65.04859457133662,18.112246858021564,17.442654030045237,85.87380726202316,Fault
60.23246340285873,16.94685349292407,16.590559201294646,81.21754995236677,Fault
56.75916239348672,24.564345217192734,17.388673444256217,75.43727741805523,Fault
58.366008211200295,19.974213351799623,19.46822773643353,85.02372460418817,Fault
64.24900017260968,22.333547010457917,19.593951906845234,81.68995991982143,Fault
62.54003869286662,19.287422718623535,18.409237669356457,96.73799805179597,Fault
56.652791476401575,19.550831279298386,20.40403089620458,88.30758840233901,Fault
63.81338310475132,19.918432443727728,20.79143258922127,77.23614170845599,Fault
62.40784837767028,22.766348296481116,19.796027072291352,87.832481753523,Fault
58.1357557235796,20.779061889186497,16.79837660747612,84.46292667784783,Fault
62.14910494689965,17.356665391308336,19.087771408268328,92.4754104155641,Fault
62.39523499641828,24.056285345216043,19.098241450104855,77.80436629736768,Fault
60.916814300377666,19.267961252534217,16.205610845977585,83.5094091868762,Fault
68.6333508238797,18.86119969030838,14.547234433080632,81.20725080726007,Fault
54.48549218953344,12.926236744377412,13.549893632975976,82.4678353844664,Fault
54.071005046445144,21.585998977903344,18.153682078246735,74.9184084079684,Fault
64.01642892224545,20.252531599154707,18.65568737270722,86.60729334330541,Fault
64.48063594696153,20.249814141504757,15.400080529164688,85.34371420679598,Fault
66.02107568009487,18.992938322222955,20.301271131613,92.28178893537437,Fault
61.30513245860453,18.561955399668044,18.334879928452107,81.91979318410576,Fault
59.41038097453834,19.076048932923925,20.968795752813776,78.70528393401491,Fault
63.96341933652526,21.157902177818197,18.8151789139639,88.3143550235523,Fault
61.79210932326002,21.597794432583377,15.654066141865867,75.64636494720253,Fault
71.75535702327848,19.422421029063504,19.008218669238328,90.67987628067166,Fault
62.37886375037404,22.372343735791898,19.474243528718624,90.66273597930962,Fault
63.73407424141461,19.802564547456306,16.795228111048587,92.05823120907527,Fault
76.37709069798971,18.73943395469086,14.827395405918274,85.01298387743594,Fault
63.02619886634657,20.49603893726841,18.220651341474532,78.10802893921787,Fault
66.78078432599546,16.601533953765347,15.798141802304393,82.8735018104429,Fault
67.23154716693176,20.581795772698122,20.46595285873449,85.04055116063365,Fault
67.65700821859107,16.14454473618407,17.104211303061497,77.51886683849699,Fault
65.44743632705627,17.43068260004059,21.794122434285256,92.66493031140172,Fault
64.96920397205255,14.95327148320844,13.326850931458562,86.64067334054835,Fault
64.50167144918558,19.56220761832125,18.296550329119327,74.86221635742396,Fault
61.120030488831134,24.024084255772735,21.144663808222905,97.06298941172622,Fault
65.62759401419635,19.70730834729641,16.041330505047945,82.77911420136141,Fault
74.14322918712296,21.60896344858282,17.64975794162052,73.2471756572001,Fault
70.05340954481778,25.880784743280973,17.113321428399104,75.35796701802181,Fault
65.51959011112318,21.01013962030024,16.495711187264977,93.90226877732276,Fault
68.27914899052995,18.086969888529943,18.538169810451418,96.59987932973458,Fault
59.65412045634674,18.431078493160406,15.150072477801972,90.07588042784735,Fault
62.697439229001404,20.001645520557517,17.755868681073505,92.55446918869708,Fault
68.73924922092027,18.41776338684769,19.135187322906063,91.73292367038889,Fault
71.43583596729096,18.60478250046642,17.526793834949384,86.45532922211252,Fault
60.14566913952311,22.463134773148724,15.799550760031293,84.63233430248741,Fault
61.58205845288421,22.565390701930532,20.266407876923303,86.31890555581286,Fault
74.90687896939268,15.882768794878341,19.60656531555707,87.88812354514636,Fault
64.48130624884486,17.954576205249452,15.70938822313177,76.06721594778881,Fault
73.1168098635019,18.839989032716517,15.152963356950409,87.85566983449688,Fault
65.03428658637897,21.49772236541313,15.905766284813586,93.66893477837614,Fault
65.23090141162717,22.85768897126414,19.199600964071873,80.34902057336775,Fault
62.472545561700514,26.75491983568471,18.6062603777176,79.49401771742562,Fault
68.71277570755115,18.835816759293348,19.73818196738057,85.81237047390933,Fault
70.78888775152,18.960678214144927,17.282469520288647,76.80273959673491,Fault
58.824988849295664,21.471425039094285,15.965584677499765,71.46545106697995,Fault
62.23774723889782,18.29445820261285,20.021462274511897,91.18175232084143,Fault
68.5753926218711,19.647595346273707,16.78241327040744,78.39238991981253,Fault
63.35225681107836,18.962404728041136,18.410405722878753,82.14758862976167,Fault
61.533072657333946,13.445865195239552,14.590165353946176,77.11899967193547,Fault
69.047710769347,20.308083075378864,16.74641706648984,92.214038519304,Fault
69.51726602356256,19.544097601743026,20.22067190607133,88.82540926627212,Fault
61.75178954663931,23.17807762564225,16.424195953326315,80.07408367077039,Fault
65.06183263993972,20.013726018840888,19.791908407193297,72.56082108189798,Fault
57.957626020478834,16.86313130421457,12.871756668385974,79.2245615611344,Fault
59.522595447606506,19.35475281755119,16.76933834878499,86.56122159959772,Fault
64.6208261606669,14.772292892158429,17.62301977906811,83.50908563263812,Fault
64.15703393789921,16.97270541200089,21.833588667353293,82.87278435561589,Fault
59.16561954134683,21.588764920382495,15.428061663968206,83.6935900757585,Fault
60.42013037637212,19.38164890011584,19.476185249983597,88.07036985198528,Fault
58.6747781502222,22.306270598745165,20.325249918747346,81.66512636747964,Fault
66.27529928456605,15.082769372804881,16.412722776062594,85.60010760367602,Fault
54.1618040165405,19.39384650669062,17.178247312700083,74.10464633803922,Fault
58.94211385219902,18.811218754030538,18.311583302386186,102.4308062158026,Fault
54.685292260838395,22.389621456533014,14.740733072176436,79.72912544546996,Fault
66.09510301928991,21.681906920416555,16.998772933905016,83.62874406307182,Fault
54.986332249726495,21.605630375220745,20.807446490082114,86.53172419828968,Fault
64.1586459926777,23.85352509521025,19.149840583901725,78.71367590079568,Fault
72.19762007873712,19.079782226783585,17.655147163136867,82.0625983539957,Fault
72.3671699063545,23.3377020882518,18.248759196040265,81.9654021972542,Fault
54.970462154105896,17.38948462280066,19.2779918041655,74.68769525941299,Fault
65.49204800815478,17.297805625585767,19.69930232540225,85.5087154043171,Fault
59.05514351809773,21.881866428745848,16.775888875765975,68.80622529393015,Fault
58.03431982144871,16.238148153977995,21.376386075215272,96.02166753933291,Fault
63.43265022804963,21.431914071047395,20.895966042650254,88.34376707982715,Fault
70.14145578466562,20.253282984303315,19.489966786777067,87.112978861227,Fault
66.99829437110179,22.67963182163718,16.14548829513904,68.10686310053407,Fault
60.4242953575856,19.851390087612778,15.755507405104694,75.65977061365584,Fault
67.52516998705,20.14012236573882,17.281471647487496,93.11476096644043,Fault
52.781458340591605,21.273162482312266,18.133683214817705,115.20993117631681,Fault
60.235271007833795,18.343376124850554,14.109317895770085,91.55753972045625,Fault
59.88054227649375,18.234484231274447,19.088324893799562,90.2955472820076,Fault
64.39160345869466,21.186073599608548,20.83241698046664,86.1997938249135,Fault
62.985860181700005,19.926780477173406,19.26824310762793,75.22002243431864,Fault
63.29264453190058,18.9817152067393,16.512683833830682,89.96139266560265,Fault
63.12640234946931,19.79303975075583,16.25231252571892,73.19034130322457,Fault
64.11203620494544,23.986398769595823,18.659675157182974,72.31531867888117,Fault
66.70065483479112,18.89245398315027,17.662731826256003,71.81176539649208,Fault
64.74665513051191,18.819950966794963,18.974690583363,89.80578117201274,Fault
62.57824091697721,15.731389438343761,19.323787019732396,81.54068756057998,Fault
66.0087413990239,19.894117654607214,20.402159163568257,82.80686479923504,Fault
68.13061771826382,21.64220877810098,15.509328456355052,81.87676850359452,Fault
61.21987054638685,22.09049528920217,18.487561685268485,72.9942676704142,Fault
63.70298634663662,20.27054400407633,17.20035499128509,76.63415275186077,Fault
69.80953281523293,22.38958393270221,17.783002903342204,77.03659034997239,Fault
58.48619661366322,21.828076004700605,19.901699475871236,70.75782842219712,Fault
73.02351098127971,22.782375574230656,20.140876920712735,77.96631923759719,Fault
57.30422512630212,22.460756638693905,21.076576030844038,73.3495483488301,Fault
62.27317694397632,23.92494549026813,18.93629855081019,86.62140503093595,Fault
59.24905001561994,19.575767083584378,17.757963060337254,87.2877685117346,Fault
74.93963498434688,16.68235489409623,17.443667367209155,71.65088701888088,Fault
61.48324985576424,21.65929685921355,14.183538994731729,79.62694588601599,Fault
61.495794217357336,21.95138297330694,20.947417098776928,96.84847905053363,Fault
62.14625630030041,23.92498848345285,17.291823489671525,74.15389681857366,Fault
64.47801403946976,23.203225890424264,19.112973532006404,85.41310254236052,Fault
62.357791105477446,24.863681139661413,19.493792356633353,82.84417547202308,Fault
63.335565976888006,21.549634950816333,15.260305880089692,90.74310046272726,Fault
46.35395023488131,20.57202647984657,15.968637936588804,84.36373473085925,Fault
64.28579918000914,16.537542196685635,21.403443795522087,78.54963617661,Fault
64.08903310743322,20.770241336285203,18.638958134503795,82.53411297178307,Fault
69.19284398706196,18.618741607821704,16.722711538543265,82.65095955162988,Fault
70.545304741397,20.528775033581177,17.722036575519404,81.26643854173741,Fault
63.061459693041016,20.13628296577414,20.389721190632244,71.44710835740786,Fault
68.08114540836978,21.179333972125338,20.055491855415468,91.94470886078314,Fault
58.49215609777597,19.756673226153723,14.774620123072784,90.5314687029146,Fault
67.83671171348053,22.33755047683146,21.595424456078163,73.64648778504115,Fault
61.137621004327116,13.192114217812355,20.125525668197096,79.59419494252997,Fault
58.076512659349724,20.47498393789461,17.66455445144851,80.19931464516627,Fault
63.07205660897975,23.006224447881404,15.378210625209215,72.74784959600333,Fault
71.0023622359889,24.675121271140537,20.318819008134035,67.06562985790187,Fault
64.90502768365424,21.829903345962656,19.048140500648163,76.6352587847013,Fault
71.4824407383919,24.21220755645635,14.792843568228916,79.14878127799047,Fault
60.25633643092098,20.422339989396857,17.48942823421157,70.47013333308784,Fault
69.23925552273995,20.007156439817656,24.877580474143475,83.41582211268383,Fault
60.739199813815276,21.32353910806938,18.036303866311727,91.30285042653072,Fault
65.12664335744601,19.99201429277234,16.367664692461556,88.73692916932214,Fault
65.08341414329708,18.0441063299566,15.78130742432539,80.98651477473025,Fault
67.30745866962086,18.71189938967025,21.898617763544724,67.27670642783042,Fault
65.25370309955663,17.219617734809606,19.865070877070913,87.72561872527238,Fault
60.30407731089091,21.32094273716311,21.096366050617902,83.17113735251647,Fault
68.40153476046282,20.028479531251193,18.546007625002748,85.39480887374417,Fault
72.65828297162697,19.099284708104758,20.75884231773213,97.48882240242011,Fault
61.080982888719404,18.583290607906775,16.133695142994597,75.40150696375477,Fault
54.82383961777484,21.262640865499066,18.357700158013127,59.00147253502366,Fault
66.49659784176895,21.951120451525174,18.63151773294002,73.57236337752194,Fault
62.34409802973926,17.173715008737044,21.041383250125484,85.88836054614256,Fault
63.34448572022352,16.780788325560955,18.701454688309003,82.21540721398432,Fault
66.78088877865505,22.386274889052537,16.62387416818033,72.27491096321054,Fault
61.71803785087201,16.56216690377851,18.140962445624822,70.64226093458856,Fault
62.65574014328164,21.36871708455621,14.31189095458747,79.16312787346084,Fault
63.49940241531707,24.042272996885032,12.893868786805411,72.03124264094555,Fault
71.34876968992508,24.048087008482838,19.828951014238232,86.16506734603621,Fault
64.1503480205679,21.844681476580227,17.17556345012604,78.70858489098985,Fault
57.821632095925196,21.7720237883053,17.42488194224341,76.9830569253463,Fault
58.020607594294425,25.62976862549114,19.828082694606554,75.93378877661594,Fault
64.696149608298,14.164010842765574,21.07342284709812,84.10498181264475,Fault
58.35285999654511,18.83916080979841,19.175873500620682,82.34087379008028,Fault
56.188482565379196,22.121229622691505,22.241760226479187,83.61565815890076,Fault
67.17767995467005,19.15678248039511,19.10591609492601,83.44103555044649,Fault
67.42249201434322,23.099445771517587,18.66486961987599,81.42243570722634,Fault
62.15931733053073,19.90161484922452,18.52885540951012,73.73495533233528,Fault
65.46829645575855,20.329359650843994,15.171909763306044,76.1569589861499,Fault
64.94060822097751,19.313313339385157,20.10319693240827,78.84260075888851,Fault
67.01209692984543,18.693722602979847,12.619974755966371,98.52156190470657,Fault
67.023749519699,18.63222509213087,16.710243713993286,71.2093094366655,Fault
50.97105706236387,20.67791574209194,18.050446771248748,78.64818797346487,Fault
62.79750520758803,18.063587585442832,16.2625228884906,82.78613648088391,Fault
66.58952094089067,22.383012208728218,17.006136969239794,79.57333797382006,Fault
61.947717044804925,21.633064811507058,22.046626245699905,90.5917563315019,Fault
64.18101319629913,22.7485411024246,20.428852548719693,79.53201655597707,Fault
67.75349990839038,17.177689110017504,16.491179102225175,80.12366880679512,Fault
64.40462616626081,15.75130863303389,16.966953675860772,88.51702810893053,Fault
71.53959708617434,19.98953561092059,15.190591313185944,96.485693303347,Fault
69.63493126140561,27.247001533898803,19.5509863292135,93.25998699158663,Fault
63.40717923514283,23.165521945236428,17.450566609096953,80.90676892712685,Fault
63.00976914637611,18.613884228733216,13.673773764031996,81.60388630614078,Fault
49.748379473993175,21.06128033607835,18.221723901982127,82.37375395827362,Fault
62.36748901554737,21.81896726860921,18.965753543924016,83.17599526770069,Fault
57.233655536447365,16.579029398167847,20.118910140985115,75.22121508521748,Fault
65.10614771000311,23.42406467258651,17.838619451931095,89.49275039084351,Fault
64.76435355560001,19.581439682947646,17.18012344186996,83.6528730217823,Fault
67.47927878013388,19.77329788848035,22.369782297076963,81.6411504894775,Fault
70.98335235974096,20.059461648584637,18.014489543419014,71.83083698752742,Fault
63.86865285164016,22.861350348269738,19.58303602951546,82.4982896679249,Fault
75.40208155961598,18.11204460449648,16.81301278457223,66.85430157423356,Fault
65.16225722609951,15.73257498803887,19.51780123359883,77.34680524774214,Fault
57.44891803141684,20.807388232250112,14.797616216710985,77.49521834816642,Fault
61.1896406244494,14.890854784567178,16.983451399419007,84.29596154470096,Fault
62.13626649846089,19.24724101216115,15.341796673262682,97.03880019956236,Fault
66.96063575576689,22.967185724647045,16.669058691887173,86.57525972532349,Fault
59.2637504988535,21.447734758771844,20.751034088508355,93.5872165810849,Fault
62.51012058595302,22.60589016431319,16.652883043531865,87.16169738482861,Fault
63.19479859601957,21.550878413007073,19.580163476042987,91.00042791750093,Fault
61.759395961722284,26.02583622195852,21.337983400525488,96.85701882354485,Fault
68.05707690839859,18.529400930857964,17.939329910072697,76.14530534158196,Fault
67.20660694232677,20.99532919252081,20.186287631123815,75.62316452694797,Fault
69.83283567551979,18.904698821968374,19.168389107905085,87.35048720381857,Fault
62.344874094444,22.392003174787177,18.25616124728377,81.97057236750203,Fault
70.01263783823951,19.84606280987376,19.650694296497246,83.76283066245568,Fault
57.18001457011477,24.29711219861011,22.047863797982078,80.01066486314112,Fault
57.058078495050715,18.67296011149506,16.598008392481184,77.22993026380226,Fault
57.930991569543934,23.51781631429246,15.889758019612636,94.96611735020021,Fault
64.04605846316045,21.482848826359927,15.760587999558243,73.20111108944069,Fault
70.01189058288878,19.91884732728255,20.18774153342042,87.49113807393235,Fault
60.98928959680185,21.35610584464981,20.484608770882378,86.1938262858436,Fault
61.61653297517781,20.65316096882298,16.818518746665344,69.36789361943805,Fault
62.919910223453314,20.889886700629525,13.300770191233436,75.35375736005125,Fault
66.86414061693827,19.482822317264024,16.515535172169212,76.69847551240106,Fault
61.61187348322713,18.24602873111252,19.205279191175393,86.51667290653273,Fault
61.3329152104175,19.162322200093673,17.853209094237766,79.06371915255559,Fault
57.27302368321155,15.792137555129443,18.39676504286181,81.31528154711356,Fault
61.1413944441144,22.104870831331564,16.848642279793683,70.33882114412218,Fault
69.88730876467666,16.9120900695613,20.23099607436148,100.60729373372251,Fault
64.45463004239238,19.45588236191075,18.7550219638602,82.56956494991597,Fault
60.300727448760426,21.620112603702584,19.290219639200366,85.99200717837554,Fault
70.18071986364467,22.098491792749776,18.3499445026587,77.67499609147822,Fault
61.07393248969906,15.563370157906903,19.153609959943857,76.7789813834572,Fault
71.09977789741232,19.770379811937307,19.008857713998115,97.30147723962826,Fault
71.0180348895005,21.149361748622056,15.95823581810128,66.66622714394697,Fault
64.28005813187335,20.130040273155817,18.820738809825283,84.22917654744622,Fault
56.50725236314156,23.36018739418386,19.741317978282343,72.30796887113685,Fault
75.44750307672878,17.945482750213493,20.541311225628657,78.75999076482395,Fault
65.93638028132273,14.877397174524507,18.915435726224167,76.89524425860783,Fault
62.38056487639705,22.0258150419213,15.87644885879062,74.11217853264601,Fault
68.78063957387528,18.65728470095378,16.215101874937194,82.28353383765062,Fault
67.51151393510673,15.603648506035004,17.04267422124355,61.45576682155148,Fault
70.55469174943221,19.603719023583814,18.416820597900355,79.47609214465042,Fault
60.68826105660052,23.076394939829253,17.731080577123294,81.2776801972002,Fault
65.59236706387196,16.841868455468255,15.52778945561199,71.1257876287519,Fault
58.07064884877531,25.839989884868167,15.514615924506888,94.10574977159507,Fault
67.33167197870617,17.905296013658344,13.383252095205297,77.24433300162148,Fault
63.88527315186406,20.217527135314374,11.137155167490377,80.1001260602813,Fault
65.40504627743407,16.95216895538098,17.710079989499164,77.26224668868238,Fault
63.26825138079765,20.104025871740035,23.10450682531428,81.3474710365553,Fault
62.745055897058194,19.66563044560331,21.95291495234114,92.4651527480484,Fault
59.65884412992643,16.276265244172283,15.847890893329463,101.78412643138779,Fault
67.95215107342116,27.064567422377273,18.329787254259344,87.96511362960527,Fault
71.44852018370719,18.761657077453265,14.777925077889634,90.70395013577416,Fault
61.216658205449576,18.76384360673493,15.113359032112132,95.73141985181665,Fault
66.76770252485548,22.422589698384137,15.365560285213164,83.99096861413166,Fault
66.16091812330122,24.53563720837117,17.503902894227966,94.56200698889496,Fault
64.04048905674429,22.81609217001076,17.598588857533652,88.33920905912322,Fault
56.36702133317642,16.997049692433535,18.555944335775088,83.15189887449257,Fault
57.49201324444704,20.534772523736656,19.45907605734942,84.80272827561174,Fault
60.095090244242144,15.296568794037514,17.258861968530653,67.42866429305741,Fault
53.30497638214034,22.25426270330589,18.079644335457782,84.3369540835692,Fault
71.04015364952808,15.912029653673844,15.59361248528154,69.65001983642964,Fault
65.83851614589857,17.991996690976908,15.042106546634201,68.99784678711114,Fault
63.85019475800439,19.991996239921722,14.702260838693718,83.5430295122018,Fault
53.048820903660854,21.11251640285253,19.4283451624821,73.08737123839957,Fault
54.880645724898,19.347663441511703,17.256602734205863,81.94308998957298,Fault
63.98829305906521,23.797709191832205,13.883535421786313,83.10747615479892,Fault
73.85244982741989,21.8080989554807,17.86120430409606,83.46439680653708,Fault
60.50677902063459,21.61181188516052,15.252593070070617,74.76702874366319,Fault
68.31899007206219,16.92649774503834,21.652833401740537,89.1894590598496,Fault
61.6004879616252,24.248419743863508,16.726592212508983,81.28611810827137,Fault
64.27619629644434,17.99233713930372,19.499313168802068,85.5286054413693,Fault
70.07341924446466,24.343856082467735,20.39571866024697,72.42848308842403,Fault
62.27024184916728,25.055487642313928,15.89915740437451,80.57337954563211,Fault
60.549475459739334,21.281641330909437,18.16730365862036,90.77835586616096,Fault
71.09035277062382,22.58003274419855,19.21762938305392,89.76142105446961,Fault
64.22778910556798,12.292700592357829,18.254201579302237,75.62165853660485,Fault
69.45602545293082,19.512493961274057,18.7944216704816,77.63553447540124,Fault
60.573755533076564,22.75541409979885,15.074815334169863,74.09050615948945,Fault
71.03337104480488,22.31127567078521,19.218879683371952,76.74869665391294,Fault
65.36813637267305,16.950691654750308,16.93043877282004,70.80745967434777,Fault
66.1739381310733,19.265694900330317,18.76879269122511,80.8945930207322,Fault
64.65814655714587,13.659086236997133,20.023975460213222,87.06510718546275,Fault
61.472625090017495,21.032482100431885,19.4713787165402,75.71957708959137,Fault
63.99158594752514,15.29167899693294,18.76718339607684,81.27514973871058,Fault
61.78704881005317,22.82619460696893,19.412682251605936,80.23601273894914,Fault
68.79773031322392,22.95681215179352,19.51450431855533,90.44094985278575,Fault
62.98471416465669,18.814082963983754,21.290102555044637,77.10726530556462,Fault
56.5174638610305,21.30318982613522,17.925088461181904,77.39827113879319,Fault
55.60288132505358,19.45725318984873,18.360705385573254,75.2318309736611,Fault
55.36640923839788,20.604770987537165,20.050546979747445,72.8999238393721,Fault
67.08985378776971,17.131851441892124,16.92114725852027,86.23347993157576,Fault
58.24247844313278,21.556231558099775,15.062411560108432,80.91911362935618,Fault
65.50042887919284,15.897036924438959,19.085106384082096,82.43847887858641,Fault
64.68287258745707,15.425174594176546,17.546747893844923,92.19712924956318,Fault
63.676457025451114,19.69517920833252,15.34343969418439,92.65664580742298,Fault
66.19202601691185,19.4718918009718,19.10119224463564,68.83012553732158,Fault
64.79151768545263,20.680754326379375,21.148492633064347,87.18267738476453,Fault
50.451351286095246,18.37623127440918,14.41456639816401,83.80517540568951,Fault
62.38187379575755,24.714229164463973,20.249114989476258,78.3072720068325,Fault
66.12551567031716,20.401512473448605,12.4184514653595,84.62146949622354,Fault
72.201414053775,20.582204446290564,17.11936941360067,68.18893411823372,Fault
72.43228808291249,20.493084693517613,22.049135006933675,93.7011387422112,Fault
57.18424743207372,22.507274672370194,17.277687093271695,86.11955277657526,Fault
62.251373503436135,21.44004353621116,18.19786447080618,75.07841804133872,Fault
56.16942593146001,21.105044749270697,19.678305641701822,77.31671822544381,Fault
71.59942537555041,21.839960262163977,14.223758269066565,68.37482819562048,Fault
69.06428104074276,15.438463407382022,18.158608561847462,79.48834200130997,Fault
65.75293943431588,15.532880873535557,18.14126875831488,78.13814418207534,Fault
64.83047430630106,19.80985313674639,22.09710614114723,71.39911690300993,Fault
70.90315550174736,19.505815293295246,15.281370171804788,88.21361786967823,Fault
70.05662597380069,21.44952461012052,17.16061350380973,92.2143775175558,Fault
69.79022348328061,20.050042255458763,15.957617260188044,81.78111607964418,Fault
66.28339929891129,21.454662336135527,15.724294031878966,79.55482493722906,Fault
62.25385850242919,16.886011826096784,20.480285999542073,85.47987681705435,Fault
67.83562416008779,19.973138573978265,18.0586333044018,81.84288830003966,Fault
68.08020952627557,16.64735815510554,16.777752167861653,73.34256627015051,Fault
63.0468126520402,20.9671448359285,16.860739017486424,76.77857610730192,Fault
62.24375540582879,15.304287394091698,16.760900430720127,79.62851194601575,Fault
69.66656634779105,20.8707752463522,16.957633009703073,83.98549275581357,Fault
72.32058054384804,16.32750154775722,15.218220242563618,82.07469374301175,Fault
60.25302109542617,19.041180516945513,17.43079500635656,83.68295503989692,Fault
62.683116622760124,22.23731922862312,17.209745278365283,69.80137613372862,Fault
65.75466538227349,20.568449971496044,16.332847245912646,87.32174195267943,Fault
66.43299498874305,15.885849440689247,18.341101763870945,82.0273270720681,Fault
61.388168203793526,18.31901538826494,18.52775685625995,102.42167243320122,Fault
73.41760315172021,16.246553686307994,16.775376128558243,78.8989250385887,Fault
66.11047632772586,15.763103750987018,17.68290486831424,84.58766796087498,Fault
66.65691704235276,20.294157940334937,22.748972199181885,104.63375329766802,Fault
72.79442040755877,21.400745858900258,22.664953168924704,83.55273303602543,Fault
61.75469187377705,21.101514801789225,15.68100158171458,81.45895568579186,Fault
63.557840617788614,21.50656703719938,15.98821535350517,74.10462484199479,Fault
57.73338885489186,19.970222872785452,15.669312790617607,94.22613093767188,Fault
63.13824763873211,19.31652445312508,20.325518667938926,72.72718731058744,Fault
56.55536238032319,17.317326682344213,17.12323554093347,85.41696733478497,Fault
67.73924677096586,18.899800820623753,18.52728333591186,78.21155742953295,Fault
66.09998375034996,16.696629036684573,22.393328133217945,80.48530989937582,Fault
62.6146534648073,17.887086182182703,17.976977452516984,70.60854185111954,Fault
63.49788146091076,20.222317176095103,19.553747187866104,92.74501777387115,Fault
67.80733207594496,19.705484781147693,19.144925648460866,79.77762155265378,Fault
58.32101956555051,27.66182009473694,16.705921826268913,72.27928272885573,Fault
65.02083933726261,16.63551100623748,20.33015580983209,92.02152477632073,Fault
67.49754903229372,19.687253197920544,16.13065821997959,77.96690549570157,Fault
55.08862961296379,16.440669721990687,20.947735530177187,84.67685833384577,Fault
67.4246900285101,19.030535310075123,16.707607876539935,88.73133105707493,Fault
55.62968768369217,19.132267044712037,16.94847101482059,85.79227464459456,Fault
63.41202758074234,22.112200065582847,15.605326788021058,64.42691559600772,Fault
58.18304447952387,18.875833651955197,15.966629296203376,87.56285360782229,Fault
71.15623289645008,19.521700999859604,17.06111849087722,81.19508989867897,Fault
58.214394729238265,18.924205093819452,12.651033172596653,79.36777042557334,Fault
55.74905054017309,16.497370639856978,17.486668849413686,81.12740040819823,Fault
64.66676070798158,18.369744070517232,16.882456678068664,69.11973764847134,Fault
61.93148509989589,19.045158212290456,19.73802441694603,83.53736731729443,Fault
56.47697385668033,20.18456470851596,18.930557624385017,71.08486901032552,Fault
66.62907599577424,21.397368218062063,16.443197651581546,79.71328232354695,Fault
54.0425046877516,19.413508725722426,16.991188329263004,83.25011545230569,Fault
58.81879513708438,19.36955934004663,17.483840315254024,90.59229670390091,Fault
61.12390864789607,15.697967103782368,21.26910441984687,75.44309472112228,Fault
68.01111196077571,21.34933629314088,16.190929702995827,93.61269897476791,Fault
70.47734183506576,18.2602552821249,16.41652653710856,89.57482602812118,Fault
69.51391123663787,21.86780809557444,15.517114866442268,78.56472206007571,Fault
63.23363104768884,23.291099869635488,14.739513145240393,73.13000586877918,Fault
51.86345877602422,19.530212433267486,18.67540797197609,70.44947054215663,Fault
65.95426510609279,17.44172179808527,18.446387328361062,84.17403081226512,Fault
71.35286869612307,19.958253467284255,20.822076076237774,76.10172680367349,Fault
70.16895203906785,20.871754995046597,20.291099816999246,91.59485444225372,Fault
66.31474504871859,19.2111999968832,23.27365677196998,76.56380936137384,Fault
58.05248617830774,18.58990397655169,17.837479911409588,74.79463215958422,Fault
61.37346498185792,21.408830526743536,17.426834959648346,83.8690108099545,Fault
73.66907199372838,21.243945686735486,15.13950204070661,76.51162514272461,Fault
56.91635232667933,19.134275899182107,19.532471968447915,82.06839994695042,Fault
58.26079385924807,15.864834586848275,18.260775331181947,89.88791464046817,Fault
68.71275775582642,21.14094546344863,19.432785871023505,82.9378346533498,Fault
61.84420377597236,18.08168201639656,15.49392671767552,82.9677156856218,Fault
58.09122438897689,20.535852688425773,18.77352921585874,83.64117367126734,Fault
71.63985589361508,20.37789307919759,18.451439159498673,68.45520807771686,Fault
66.3052798907257,15.277631432393337,18.30587708776611,85.13470199944392,Fault
62.09099417811411,20.202704211028934,16.496815001980845,83.27945261380717,Fault
58.27112582050242,21.28633131343614,20.616514226817475,89.14317861586737,Fault
74.23703281929969,21.592881038276218,22.510676673751625,86.84648640909695,Fault
63.877740906266965,20.29341437774078,15.557243142145246,80.38441094715589,Fault
70.98664031234748,15.057034890126026,19.584976755104506,90.25914313208553,Fault
68.4681677230472,23.192702655466594,11.668729667051142,79.65895441909824,Fault
61.39549219168383,21.02755666885645,19.470941888861407,83.97725683262163,Fault
61.4352944250511,16.991701676573808,13.885659843608138,79.51080455616516,Fault
71.2315744896696,18.030592399604316,16.84507183462163,85.69406243938569,Fault
71.31258666309989,20.578060523236303,15.11134574414065,78.9880817388979,Fault
54.615420119396326,21.699460483245637,17.52565471111133,95.18041287153254,Fault
66.74890130491096,18.780092859130747,19.845346136409223,98.13890189780511,Fault
63.3939259763819,22.063813518447688,13.913910819800549,88.99150603348804,Fault
58.833384185307466,15.518082927249555,17.209144683065595,94.33037319531223,Fault
65.30873047358598,17.393852472265532,16.870588708604675,69.68628415312762,Fault
57.252016045068025,14.839089975394794,21.478307104518123,70.62897805380004,Fault
61.6677232267695,17.75648714282577,18.949874217270626,79.4275154669503,Fault
60.00763133615016,23.770192961360237,15.41012235079847,82.32984772207102,Fault
61.501043679220004,25.144505586463506,16.96315236613312,80.41434065520268,Fault
63.64260753169005,20.586476170576105,21.42342932444817,68.86291800293637,Fault
58.922166690472565,18.403926981828615,19.571603696902855,91.21273365058917,Fault
71.86589514436649,19.445900247872643,15.979886382708072,99.23358586685549,Fault
66.46641616697063,21.183349727082554,17.412444815557205,92.24790143338097,Fault
72.97281514191027,16.092547870902294,17.482759873502076,90.68418615029177,Fault
63.199600154609904,18.56875206004699,16.81643976025723,83.80895684116483,Fault
61.25605018851446,23.587232686125624,14.237533256092282,75.25602103418291,Fault
72.79207807246515,17.385724826679095,16.509232226142068,82.58022442108773,Fault
61.10970130063008,18.12743775184614,21.056238472903825,98.84470429473203,Fault
63.108539890054374,20.0329841399536,17.161482128465416,79.18409509994355,Fault
67.60023705248658,20.70785564876177,17.77284201298598,78.36034201740847,Fault
57.811370958513606,18.437489884501318,18.309156423077862,90.85842927283132,Fault
67.55647342396826,20.192410958129887,22.879911068366678,91.38948840596477,Fault
66.91673533082302,21.5198488343486,18.019524497117317,75.21678555380157,Fault
70.34662659018916,24.90362955940912,20.406679777883724,79.90812309410062,Fault
68.45022251505071,19.68438905141305,16.684003621487367,77.98475603278852,Fault
70.49989176438785,19.896756711648592,17.42932162689452,82.55751503248872,Fault
63.44789049745795,23.818630864948776,18.027615990842627,90.82949336761195,Fault
59.6866484064647,18.627085354254763,16.296907527931353,75.56777983097527,Fault
74.54992707041681,16.689117418094547,17.551820882673493,90.71731849789549,Fault
56.36652192239016,20.625622439147406,19.953712058789193,82.81320999137047,Fault
56.86743460563096,22.690437562719787,16.239197965597857,100.60953709051422,Fault
66.82564020254415,20.902617837999212,18.000195868120006,84.55064707496699,Fault
72.12493024088675,19.757460856131885,19.55921381364305,81.22465144296588,Fault
64.94775422957082,16.379016567162903,16.186174692611964,86.59771781692794,Fault
68.99651849851102,19.854076886829066,20.409910343752905,79.30283009690231,Fault
54.02098636264021,23.082887315790842,18.16034365536491,67.63781501318539,Fault
61.50227518909431,16.914707296151946,17.636730360653562,80.07583060583121,Fault
54.63026096428371,19.38813206549182,13.582074827239527,79.9496511274462,Fault
67.9020547911433,19.0312881696041,17.17805262757036,69.26146031560151,Fault
56.263843367054925,18.255738573405637,18.817503315519666,81.41571848164406,Fault
57.61090576983676,20.619807511297516,21.83975904136543,65.46311820312482,Fault
66.57012602480701,21.10826310314002,19.24935613904555,79.21850531875617,Fault
69.30912176008864,21.082067261983592,20.47767570991237,83.94876793635738,Fault
63.20515945885392,17.557975590962187,15.339969938031734,82.77596941710586,Fault
66.85086252054255,15.885040764165794,17.7209905095635,78.71144421690545,Fault
66.68894083436547,20.655971091326823,20.6856421731235,81.31575678441543,Fault
62.92286570278764,18.73520239629337,16.04698618912017,75.72748450017735,Fault
58.526472585568754,24.595780949216966,20.123489783740826,82.08653215538028,Fault
66.82445703442322,24.711274240037366,19.613299302120733,82.46469125273417,Fault
67.06547845387541,24.9767244859901,18.604392026589604,74.79800017678792,Fault
68.4701220154513,17.649722747413218,17.276854224700855,84.14159360407278,Fault
65.56033212039449,21.423422716855235,15.830150659940642,84.09162124064363,Fault
58.15750043260337,22.17738129312871,21.905834447027292,80.67032069135144,Fault
67.4517008068459,21.895885583861006,19.39009753899287,101.36837629029455,Fault
63.99309459885829,19.114005139515353,18.749355474285988,80.87438090652553,Fault
61.58631277838329,23.197912257413314,17.09173055395505,79.76612603701585,Fault
62.52682081403144,20.001187465916306,18.08331758509795,78.62085512633814,Fault
60.5487141080481,20.3202653123386,18.36237799393407,74.2324862153888,Fault
68.44421889427214,16.15541637055714,18.87972650641386,87.48717887874723,Fault
56.9094263320999,21.611912423932473,19.615548634638255,76.5100242558444,Fault
59.03257032596791,19.348970716068973,16.2785626431188,77.45641482401798,Fault
62.35613557664153,21.161947155251312,14.77348667592859,77.69406752369122,Fault
72.068754241195,20.587784249511547,18.185417872801693,74.1204518732119,Fault
69.27140274546424,20.452341441659428,14.156121857885523,67.99133333964221,Fault
55.795795983763874,19.88571606883329,17.287945811013998,78.29648106272646,Fault
70.75673544376244,21.966499336651136,16.87978237375412,88.98668250169833,Fault
70.74710108491843,19.502768657787335,19.08184602284367,83.57583844372195,Fault
58.129958369886786,16.36200645136754,22.36171347806988,94.484602161505,Fault
51.39270864701777,21.422389015934836,13.721900627412165,88.00765043991348,Fault
63.638891888263785,17.977486187720903,23.003207066700483,86.19171848219236,Fault
69.61212204649911,16.68934539329465,17.48723464993814,97.06119218122171,Fault
71.95630984900102,17.444391664643504,18.765179100779676,81.22283523997432,Fault
59.64586367819375,20.7083309483923,14.887369253227824,82.50460538803962,Fault
72.75989552331482,19.758702992262876,20.193117454497905,81.9082846267189,Fault
52.860338020916494,14.668292425817882,18.09123957997379,94.3502938494684,Fault
62.159746930853565,19.040860142368327,17.86477169538577,82.02012253167273,Fault
61.913946653921265,22.92307806243691,13.737752747213502,76.81378100738317,Fault
69.76168512462152,18.871760822666552,18.162352990464342,86.70140430370282,Fault
70.4915123296989,19.58630861643102,19.860822312396465,75.46992151154377,Fault
68.77111827716698,22.607478593317882,17.480187001936986,86.2677721009114,Fault
57.24724975627053,21.98872314551134,20.583238560417133,85.31072747313468,Fault
68.31309515899461,22.554377719129278,20.492369378160998,80.48477865754803,Fault
66.54520984296747,13.068615974865743,16.589590157970136,86.52649257669461,Fault
55.643828073602045,24.333807596105277,21.509250489354265,70.09768055753318,Fault
53.664930855991564,21.591001088569822,18.099648921515183,83.30369697059989,Fault
69.18994645010388,26.153691035060376,18.109439551733228,78.29787692266615,Fault
63.099503495103775,18.04418492306429,18.217758689726008,104.89810861827617,Fault
57.57408953772563,15.591373485877725,18.152494652070477,83.24660055712167,Fault
62.95914035645616,20.018046141812942,12.213706615351281,77.2288636017325,Fault
65.82020540556601,19.311569175607097,17.591885923982613,70.97358611157534,Fault
63.58574436666226,21.634159959037053,14.9993177623426,92.44324957435413,Fault
56.24006923436957,22.68732086146589,21.57793854487449,79.19973824380978,Fault
73.42778451782056,19.781764637801256,21.489382581786643,75.66918346339665,Fault
69.02108984493947,19.398229885468186,19.874264331402294,84.69039371207248,Fault
62.32311274163266,21.30679954879032,17.475371637854444,87.19775065124523,Fault
62.52452672048856,19.359178335768757,15.782367139471862,87.07162346567623,Fault
65.79743697356588,19.15004474775803,16.553321797193668,82.1580033844749,Fault
58.351893021298345,22.592837346688214,22.27381219413727,83.27352109509376,Fault
65.61338218268484,23.14944464225893,16.477165749656088,83.85629660544562,Fault
57.346337815696174,22.709915609657735,12.81769022035066,84.691170125031,Fault
63.64732891577417,19.579425718186187,20.266364118667866,85.39908156721185,Fault
58.15714250071571,14.650527530617042,21.301106849959368,90.75562201044437,Fault
58.409580088366425,19.62948478401788,21.650274511766348,82.4513188962068,Fault
72.22861306809105,18.105049968307377,20.284365609348523,75.4655738733571,Fault
64.29612947142277,19.67568745247353,20.64334328991652,80.84566637516772,Fault
65.03703242700584,18.322272768205977,18.116454962917793,88.03024654987998,Fault
53.94310069459338,19.948150361335994,13.43214962831834,67.70777633292124,Fault
61.01499120739476,17.40181092692109,18.06133829130003,67.7539824370243,Fault
66.30606059352174,16.798206408204052,19.367460099322717,89.3462089711386,Fault
64.97068132973753,23.05672870642723,17.70240587555425,94.16098253481063,Fault
53.22985089323147,17.575855966580868,17.602160538772846,71.87839971984421,Fault
65.0356895832854,20.000829063140884,15.87894031415969,82.80367416666316,Fault
65.83279401774844,22.386287116507088,15.796174764801542,78.80363909666389,Fault
70.4188099909935,22.28576031557393,22.043926732485353,79.913359102067,Fault
60.723844405308284,21.987120512288378,22.12356201373631,84.44424807005133,Fault
52.78965639932164,20.757166286253838,17.994176311258574,71.65703816791401,Fault
59.01614624097422,21.810008271342124,18.619351931204438,73.14225999606079,Fault
58.514674805657215,23.432720331515387,15.84211227451856,79.5899906166302,Fault
67.68354438889988,21.062556484988434,19.413664669866797,80.83699521684672,Fault
50.41631705802341,15.406994132964542,21.871228177551238,72.99235915452662,Fault
61.75821769963689,18.67866698462476,14.635692284121674,88.31718139831348,Fault
71.12897736788628,21.74092517930522,19.020543259345267,78.65951221511173,Fault
64.03606231416818,18.43226016572649,19.185848933819088,78.62545915146524,Fault
68.48158408088212,24.05026534864661,19.160734332756366,84.2612703218392,Fault
55.79100833224456,19.84205042958392,21.614198869266634,80.96873379146001,Fault
55.99005243396839,20.21312192839859,22.479240066776537,88.6998145032465,Fault
71.18621228922618,22.81186049725434,17.486335908680143,74.53261969759467,Fault
64.50607682878626,19.542875256726767,19.48098207874399,70.82090722349221,Fault
